ID,MODE,EXPLOITANT,LIGNE,TIME
C01728,RER,SNCF,D,07:00:00
C01728,RER,SNCF,D,07:30:00
C01728,RER,SNCF,D,08:00:00
C01728,RER,SNCF,D,08:30:00
C01728,RER,SNCF,D,09:00:00
C01728,RER,SNCF,D,09:30:00
C01728,RER,SNCF,D,10:00:00
C01728,RER,SNCF,D,10:30:00
C01728,RER,SNCF,D,11:00:00
C01728,RER,SNCF,D,11:30:00
C01728,RER,SNCF,D,12:00:00
C01728,RER,SNCF,D,12:30:00
C01728,RER,SNCF,D,13:00:00
C01728,RER,SNCF,D,13:30:00
C01728,RER,SNCF,D,14:00:00
C01728,RER,SNCF,D,14:30:00
C01728,RER,SNCF,D,15:00:00
C01728,RER,SNCF,D,15:30:00
C01728,RER,SNCF,D,16:00:00
C01728,RER,SNCF,D,16:30:00
C01728,RER,SNCF,D,17:00:00
C01728,RER,SNCF,D,17:30:00
C01728,RER,SNCF,D,18:00:00
C01728,RER,SNCF,D,18:30:00
C01728,RER,SNCF,D,19:00:00
C01728,RER,SNCF,D,19:30:00
C01728,RER,SNCF,D,20:00:00
C01728,RER,SNCF,D,20:30:00
C01728,RER,SNCF,D,21:00:00
C01728,RER,SNCF,D,21:30:00
C01728,RER,SNCF,D,22:00:00
C01728,RER,SNCF,D,22:30:00
C01728,RER,SNCF,D,23:00:00
C01728,RER,SNCF,D,23:30:00
C01728,RER,SNCF,D,00:00:00
C01728,RER,SNCF,D,00:30:00
C01728,RER,SNCF,D,01:00:00
C01728,RER,SNCF,D,06:00:00
C01728,RER,SNCF,D,06:30:00
C01728,RER,SNCF,D,01:30:00
C01728,RER,SNCF,D,02:00:00
C01728,RER,SNCF,D,02:30:00
C01728,RER,SNCF,D,03:00:00
C01728,RER,SNCF,D,03:30:00
C01728,RER,SNCF,D,04:00:00
C01728,RER,SNCF,D,04:30:00
C01728,RER,SNCF,D,05:00:00
C01728,RER,SNCF,D,05:30:00
C01728,RER,SNCF,D,23:59:00
C01390,TRAMWAY,RATP,T2,07:00:00
C01390,TRAMWAY,RATP,T2,07:30:00
C01390,TRAMWAY,RATP,T2,08:00:00
C01390,TRAMWAY,RATP,T2,08:30:00
C01390,TRAMWAY,RATP,T2,09:00:00
C01390,TRAMWAY,RATP,T2,09:30:00
C01390,TRAMWAY,RATP,T2,10:00:00
C01390,TRAMWAY,RATP,T2,10:30:00
C01390,TRAMWAY,RATP,T2,11:00:00
C01390,TRAMWAY,RATP,T2,11:30:00
C01390,TRAMWAY,RATP,T2,12:00:00
C01390,TRAMWAY,RATP,T2,12:30:00
C01390,TRAMWAY,RATP,T2,13:00:00
C01390,TRAMWAY,RATP,T2,13:30:00
C01390,TRAMWAY,RATP,T2,14:00:00
C01390,TRAMWAY,RATP,T2,14:30:00
C01390,TRAMWAY,RATP,T2,15:00:00
C01390,TRAMWAY,RATP,T2,15:30:00
C01390,TRAMWAY,RATP,T2,16:00:00
C01390,TRAMWAY,RATP,T2,16:30:00
C01390,TRAMWAY,RATP,T2,17:00:00
C01390,TRAMWAY,RATP,T2,17:30:00
C01390,TRAMWAY,RATP,T2,18:00:00
C01390,TRAMWAY,RATP,T2,18:30:00
C01390,TRAMWAY,RATP,T2,19:00:00
C01390,TRAMWAY,RATP,T2,19:30:00
C01390,TRAMWAY,RATP,T2,20:00:00
C01390,TRAMWAY,RATP,T2,20:30:00
C01390,TRAMWAY,RATP,T2,21:00:00
C01390,TRAMWAY,RATP,T2,21:30:00
C01390,TRAMWAY,RATP,T2,22:00:00
C01390,TRAMWAY,RATP,T2,22:30:00
C01390,TRAMWAY,RATP,T2,23:00:00
C01390,TRAMWAY,RATP,T2,23:30:00
C01390,TRAMWAY,RATP,T2,00:00:00
C01390,TRAMWAY,RATP,T2,00:30:00
C01390,TRAMWAY,RATP,T2,01:00:00
C01390,TRAMWAY,RATP,T2,06:00:00
C01390,TRAMWAY,RATP,T2,06:30:00
C01390,TRAMWAY,RATP,T2,01:30:00
C01390,TRAMWAY,RATP,T2,02:00:00
C01390,TRAMWAY,RATP,T2,02:30:00
C01390,TRAMWAY,RATP,T2,03:00:00
C01390,TRAMWAY,RATP,T2,03:30:00
C01390,TRAMWAY,RATP,T2,04:00:00
C01390,TRAMWAY,RATP,T2,04:30:00
C01390,TRAMWAY,RATP,T2,05:00:00
C01390,TRAMWAY,RATP,T2,05:30:00
C01390,TRAMWAY,RATP,T2,23:59:00
C01743,RER,RATP,B,07:00:00
C01743,RER,RATP,B,07:30:00
C01743,RER,RATP,B,08:00:00
C01743,RER,RATP,B,08:30:00
C01743,RER,RATP,B,09:00:00
C01743,RER,RATP,B,09:30:00
C01743,RER,RATP,B,10:00:00
C01743,RER,RATP,B,10:30:00
C01743,RER,RATP,B,11:00:00
C01743,RER,RATP,B,11:30:00
C01743,RER,RATP,B,12:00:00
C01743,RER,RATP,B,12:30:00
C01743,RER,RATP,B,13:00:00
C01743,RER,RATP,B,13:30:00
C01743,RER,RATP,B,14:00:00
C01743,RER,RATP,B,14:30:00
C01743,RER,RATP,B,15:00:00
C01743,RER,RATP,B,15:30:00
C01743,RER,RATP,B,16:00:00
C01743,RER,RATP,B,16:30:00
C01743,RER,RATP,B,17:00:00
C01743,RER,RATP,B,17:30:00
C01743,RER,RATP,B,18:00:00
C01743,RER,RATP,B,18:30:00
C01743,RER,RATP,B,19:00:00
C01743,RER,RATP,B,19:30:00
C01743,RER,RATP,B,20:00:00
C01743,RER,RATP,B,20:30:00
C01743,RER,RATP,B,21:00:00
C01743,RER,RATP,B,21:30:00
C01743,RER,RATP,B,22:00:00
C01743,RER,RATP,B,22:30:00
C01743,RER,RATP,B,23:00:00
C01743,RER,RATP,B,23:30:00
C01743,RER,RATP,B,00:00:00
C01743,RER,RATP,B,00:30:00
C01743,RER,RATP,B,01:00:00
C01743,RER,RATP,B,06:00:00
C01743,RER,RATP,B,06:30:00
C01743,RER,RATP,B,01:30:00
C01743,RER,RATP,B,02:00:00
C01743,RER,RATP,B,02:30:00
C01743,RER,RATP,B,03:00:00
C01743,RER,RATP,B,03:30:00
C01743,RER,RATP,B,04:00:00
C01743,RER,RATP,B,04:30:00
C01743,RER,RATP,B,05:00:00
C01743,RER,RATP,B,05:30:00
C01743,RER,RATP,B,23:59:00
C01730,TRAIN,SNCF,P,07:00:00
C01730,TRAIN,SNCF,P,07:30:00
C01730,TRAIN,SNCF,P,08:00:00
C01730,TRAIN,SNCF,P,08:30:00
C01730,TRAIN,SNCF,P,09:00:00
C01730,TRAIN,SNCF,P,09:30:00
C01730,TRAIN,SNCF,P,10:00:00
C01730,TRAIN,SNCF,P,10:30:00
C01730,TRAIN,SNCF,P,11:00:00
C01730,TRAIN,SNCF,P,11:30:00
C01730,TRAIN,SNCF,P,12:00:00
C01730,TRAIN,SNCF,P,12:30:00
C01730,TRAIN,SNCF,P,13:00:00
C01730,TRAIN,SNCF,P,13:30:00
C01730,TRAIN,SNCF,P,14:00:00
C01730,TRAIN,SNCF,P,14:30:00
C01730,TRAIN,SNCF,P,15:00:00
C01730,TRAIN,SNCF,P,15:30:00
C01730,TRAIN,SNCF,P,16:00:00
C01730,TRAIN,SNCF,P,16:30:00
C01730,TRAIN,SNCF,P,17:00:00
C01730,TRAIN,SNCF,P,17:30:00
C01730,TRAIN,SNCF,P,18:00:00
C01730,TRAIN,SNCF,P,18:30:00
C01730,TRAIN,SNCF,P,19:00:00
C01730,TRAIN,SNCF,P,19:30:00
C01730,TRAIN,SNCF,P,20:00:00
C01730,TRAIN,SNCF,P,20:30:00
C01730,TRAIN,SNCF,P,21:00:00
C01730,TRAIN,SNCF,P,21:30:00
C01730,TRAIN,SNCF,P,22:00:00
C01730,TRAIN,SNCF,P,22:30:00
C01730,TRAIN,SNCF,P,23:00:00
C01730,TRAIN,SNCF,P,23:30:00
C01730,TRAIN,SNCF,P,00:00:00
C01730,TRAIN,SNCF,P,00:30:00
C01730,TRAIN,SNCF,P,01:00:00
C01730,TRAIN,SNCF,P,06:00:00
C01730,TRAIN,SNCF,P,06:30:00
C01730,TRAIN,SNCF,P,01:30:00
C01730,TRAIN,SNCF,P,02:00:00
C01730,TRAIN,SNCF,P,02:30:00
C01730,TRAIN,SNCF,P,03:00:00
C01730,TRAIN,SNCF,P,03:30:00
C01730,TRAIN,SNCF,P,04:00:00
C01730,TRAIN,SNCF,P,04:30:00
C01730,TRAIN,SNCF,P,05:00:00
C01730,TRAIN,SNCF,P,05:30:00
C01730,TRAIN,SNCF,P,23:59:00
C01731,TRAIN,SNCF,R,07:00:00
C01731,TRAIN,SNCF,R,07:30:00
C01731,TRAIN,SNCF,R,08:00:00
C01731,TRAIN,SNCF,R,08:30:00
C01731,TRAIN,SNCF,R,09:00:00
C01731,TRAIN,SNCF,R,09:30:00
C01731,TRAIN,SNCF,R,10:00:00
C01731,TRAIN,SNCF,R,10:30:00
C01731,TRAIN,SNCF,R,11:00:00
C01731,TRAIN,SNCF,R,11:30:00
C01731,TRAIN,SNCF,R,12:00:00
C01731,TRAIN,SNCF,R,12:30:00
C01731,TRAIN,SNCF,R,13:00:00
C01731,TRAIN,SNCF,R,13:30:00
C01731,TRAIN,SNCF,R,14:00:00
C01731,TRAIN,SNCF,R,14:30:00
C01731,TRAIN,SNCF,R,15:00:00
C01731,TRAIN,SNCF,R,15:30:00
C01731,TRAIN,SNCF,R,16:00:00
C01731,TRAIN,SNCF,R,16:30:00
C01731,TRAIN,SNCF,R,17:00:00
C01731,TRAIN,SNCF,R,17:30:00
C01731,TRAIN,SNCF,R,18:00:00
C01731,TRAIN,SNCF,R,18:30:00
C01731,TRAIN,SNCF,R,19:00:00
C01731,TRAIN,SNCF,R,19:30:00
C01731,TRAIN,SNCF,R,20:00:00
C01731,TRAIN,SNCF,R,20:30:00
C01731,TRAIN,SNCF,R,21:00:00
C01731,TRAIN,SNCF,R,21:30:00
C01731,TRAIN,SNCF,R,22:00:00
C01731,TRAIN,SNCF,R,22:30:00
C01731,TRAIN,SNCF,R,23:00:00
C01731,TRAIN,SNCF,R,23:30:00
C01731,TRAIN,SNCF,R,00:00:00
C01731,TRAIN,SNCF,R,00:30:00
C01731,TRAIN,SNCF,R,01:00:00
C01731,TRAIN,SNCF,R,06:00:00
C01731,TRAIN,SNCF,R,06:30:00
C01731,TRAIN,SNCF,R,01:30:00
C01731,TRAIN,SNCF,R,02:00:00
C01731,TRAIN,SNCF,R,02:30:00
C01731,TRAIN,SNCF,R,03:00:00
C01731,TRAIN,SNCF,R,03:30:00
C01731,TRAIN,SNCF,R,04:00:00
C01731,TRAIN,SNCF,R,04:30:00
C01731,TRAIN,SNCF,R,05:00:00
C01731,TRAIN,SNCF,R,05:30:00
C01731,TRAIN,SNCF,R,23:59:00
C01389,TRAMWAY,RATP,T1,07:00:00
C01389,TRAMWAY,RATP,T1,07:30:00
C01389,TRAMWAY,RATP,T1,08:00:00
C01389,TRAMWAY,RATP,T1,08:30:00
C01389,TRAMWAY,RATP,T1,09:00:00
C01389,TRAMWAY,RATP,T1,09:30:00
C01389,TRAMWAY,RATP,T1,10:00:00
C01389,TRAMWAY,RATP,T1,10:30:00
C01389,TRAMWAY,RATP,T1,11:00:00
C01389,TRAMWAY,RATP,T1,11:30:00
C01389,TRAMWAY,RATP,T1,12:00:00
C01389,TRAMWAY,RATP,T1,12:30:00
C01389,TRAMWAY,RATP,T1,13:00:00
C01389,TRAMWAY,RATP,T1,13:30:00
C01389,TRAMWAY,RATP,T1,14:00:00
C01389,TRAMWAY,RATP,T1,14:30:00
C01389,TRAMWAY,RATP,T1,15:00:00
C01389,TRAMWAY,RATP,T1,15:30:00
C01389,TRAMWAY,RATP,T1,16:00:00
C01389,TRAMWAY,RATP,T1,16:30:00
C01389,TRAMWAY,RATP,T1,17:00:00
C01389,TRAMWAY,RATP,T1,17:30:00
C01389,TRAMWAY,RATP,T1,18:00:00
C01389,TRAMWAY,RATP,T1,18:30:00
C01389,TRAMWAY,RATP,T1,19:00:00
C01389,TRAMWAY,RATP,T1,19:30:00
C01389,TRAMWAY,RATP,T1,20:00:00
C01389,TRAMWAY,RATP,T1,20:30:00
C01389,TRAMWAY,RATP,T1,21:00:00
C01389,TRAMWAY,RATP,T1,21:30:00
C01389,TRAMWAY,RATP,T1,22:00:00
C01389,TRAMWAY,RATP,T1,22:30:00
C01389,TRAMWAY,RATP,T1,23:00:00
C01389,TRAMWAY,RATP,T1,23:30:00
C01389,TRAMWAY,RATP,T1,00:00:00
C01389,TRAMWAY,RATP,T1,00:30:00
C01389,TRAMWAY,RATP,T1,01:00:00
C01389,TRAMWAY,RATP,T1,06:00:00
C01389,TRAMWAY,RATP,T1,06:30:00
C01389,TRAMWAY,RATP,T1,01:30:00
C01389,TRAMWAY,RATP,T1,02:00:00
C01389,TRAMWAY,RATP,T1,02:30:00
C01389,TRAMWAY,RATP,T1,03:00:00
C01389,TRAMWAY,RATP,T1,03:30:00
C01389,TRAMWAY,RATP,T1,04:00:00
C01389,TRAMWAY,RATP,T1,04:30:00
C01389,TRAMWAY,RATP,T1,05:00:00
C01389,TRAMWAY,RATP,T1,05:30:00
C01389,TRAMWAY,RATP,T1,23:59:00
C01737,TRAIN,SNCF,H,07:00:00
C01737,TRAIN,SNCF,H,07:30:00
C01737,TRAIN,SNCF,H,08:00:00
C01737,TRAIN,SNCF,H,08:30:00
C01737,TRAIN,SNCF,H,09:00:00
C01737,TRAIN,SNCF,H,09:30:00
C01737,TRAIN,SNCF,H,10:00:00
C01737,TRAIN,SNCF,H,10:30:00
C01737,TRAIN,SNCF,H,11:00:00
C01737,TRAIN,SNCF,H,11:30:00
C01737,TRAIN,SNCF,H,12:00:00
C01737,TRAIN,SNCF,H,12:30:00
C01737,TRAIN,SNCF,H,13:00:00
C01737,TRAIN,SNCF,H,13:30:00
C01737,TRAIN,SNCF,H,14:00:00
C01737,TRAIN,SNCF,H,14:30:00
C01737,TRAIN,SNCF,H,15:00:00
C01737,TRAIN,SNCF,H,15:30:00
C01737,TRAIN,SNCF,H,16:00:00
C01737,TRAIN,SNCF,H,16:30:00
C01737,TRAIN,SNCF,H,17:00:00
C01737,TRAIN,SNCF,H,17:30:00
C01737,TRAIN,SNCF,H,18:00:00
C01737,TRAIN,SNCF,H,18:30:00
C01737,TRAIN,SNCF,H,19:00:00
C01737,TRAIN,SNCF,H,19:30:00
C01737,TRAIN,SNCF,H,20:00:00
C01737,TRAIN,SNCF,H,20:30:00
C01737,TRAIN,SNCF,H,21:00:00
C01737,TRAIN,SNCF,H,21:30:00
C01737,TRAIN,SNCF,H,22:00:00
C01737,TRAIN,SNCF,H,22:30:00
C01737,TRAIN,SNCF,H,23:00:00
C01737,TRAIN,SNCF,H,23:30:00
C01737,TRAIN,SNCF,H,00:00:00
C01737,TRAIN,SNCF,H,00:30:00
C01737,TRAIN,SNCF,H,01:00:00
C01737,TRAIN,SNCF,H,06:00:00
C01737,TRAIN,SNCF,H,06:30:00
C01737,TRAIN,SNCF,H,01:30:00
C01737,TRAIN,SNCF,H,02:00:00
C01737,TRAIN,SNCF,H,02:30:00
C01737,TRAIN,SNCF,H,03:00:00
C01737,TRAIN,SNCF,H,03:30:00
C01737,TRAIN,SNCF,H,04:00:00
C01737,TRAIN,SNCF,H,04:30:00
C01737,TRAIN,SNCF,H,05:00:00
C01737,TRAIN,SNCF,H,05:30:00
C01737,TRAIN,SNCF,H,23:59:00
C01727,RER,SNCF,C,07:00:00
C01727,RER,SNCF,C,07:30:00
C01727,RER,SNCF,C,08:00:00
C01727,RER,SNCF,C,08:30:00
C01727,RER,SNCF,C,09:00:00
C01727,RER,SNCF,C,09:30:00
C01727,RER,SNCF,C,10:00:00
C01727,RER,SNCF,C,10:30:00
C01727,RER,SNCF,C,11:00:00
C01727,RER,SNCF,C,11:30:00
C01727,RER,SNCF,C,12:00:00
C01727,RER,SNCF,C,12:30:00
C01727,RER,SNCF,C,13:00:00
C01727,RER,SNCF,C,13:30:00
C01727,RER,SNCF,C,14:00:00
C01727,RER,SNCF,C,14:30:00
C01727,RER,SNCF,C,15:00:00
C01727,RER,SNCF,C,15:30:00
C01727,RER,SNCF,C,16:00:00
C01727,RER,SNCF,C,16:30:00
C01727,RER,SNCF,C,17:00:00
C01727,RER,SNCF,C,17:30:00
C01727,RER,SNCF,C,18:00:00
C01727,RER,SNCF,C,18:30:00
C01727,RER,SNCF,C,19:00:00
C01727,RER,SNCF,C,19:30:00
C01727,RER,SNCF,C,20:00:00
C01727,RER,SNCF,C,20:30:00
C01727,RER,SNCF,C,21:00:00
C01727,RER,SNCF,C,21:30:00
C01727,RER,SNCF,C,22:00:00
C01727,RER,SNCF,C,22:30:00
C01727,RER,SNCF,C,23:00:00
C01727,RER,SNCF,C,23:30:00
C01727,RER,SNCF,C,00:00:00
C01727,RER,SNCF,C,00:30:00
C01727,RER,SNCF,C,01:00:00
C01727,RER,SNCF,C,06:00:00
C01727,RER,SNCF,C,06:30:00
C01727,RER,SNCF,C,01:30:00
C01727,RER,SNCF,C,02:00:00
C01727,RER,SNCF,C,02:30:00
C01727,RER,SNCF,C,03:00:00
C01727,RER,SNCF,C,03:30:00
C01727,RER,SNCF,C,04:00:00
C01727,RER,SNCF,C,04:30:00
C01727,RER,SNCF,C,05:00:00
C01727,RER,SNCF,C,05:30:00
C01727,RER,SNCF,C,23:59:00
C01740,TRAIN,SNCF,L,07:00:00
C01740,TRAIN,SNCF,L,07:30:00
C01740,TRAIN,SNCF,L,08:00:00
C01740,TRAIN,SNCF,L,08:30:00
C01740,TRAIN,SNCF,L,09:00:00
C01740,TRAIN,SNCF,L,09:30:00
C01740,TRAIN,SNCF,L,10:00:00
C01740,TRAIN,SNCF,L,10:30:00
C01740,TRAIN,SNCF,L,11:00:00
C01740,TRAIN,SNCF,L,11:30:00
C01740,TRAIN,SNCF,L,12:00:00
C01740,TRAIN,SNCF,L,12:30:00
C01740,TRAIN,SNCF,L,13:00:00
C01740,TRAIN,SNCF,L,13:30:00
C01740,TRAIN,SNCF,L,14:00:00
C01740,TRAIN,SNCF,L,14:30:00
C01740,TRAIN,SNCF,L,15:00:00
C01740,TRAIN,SNCF,L,15:30:00
C01740,TRAIN,SNCF,L,16:00:00
C01740,TRAIN,SNCF,L,16:30:00
C01740,TRAIN,SNCF,L,17:00:00
C01740,TRAIN,SNCF,L,17:30:00
C01740,TRAIN,SNCF,L,18:00:00
C01740,TRAIN,SNCF,L,18:30:00
C01740,TRAIN,SNCF,L,19:00:00
C01740,TRAIN,SNCF,L,19:30:00
C01740,TRAIN,SNCF,L,20:00:00
C01740,TRAIN,SNCF,L,20:30:00
C01740,TRAIN,SNCF,L,21:00:00
C01740,TRAIN,SNCF,L,21:30:00
C01740,TRAIN,SNCF,L,22:00:00
C01740,TRAIN,SNCF,L,22:30:00
C01740,TRAIN,SNCF,L,23:00:00
C01740,TRAIN,SNCF,L,23:30:00
C01740,TRAIN,SNCF,L,00:00:00
C01740,TRAIN,SNCF,L,00:30:00
C01740,TRAIN,SNCF,L,01:00:00
C01740,TRAIN,SNCF,L,06:00:00
C01740,TRAIN,SNCF,L,06:30:00
C01740,TRAIN,SNCF,L,01:30:00
C01740,TRAIN,SNCF,L,02:00:00
C01740,TRAIN,SNCF,L,02:30:00
C01740,TRAIN,SNCF,L,03:00:00
C01740,TRAIN,SNCF,L,03:30:00
C01740,TRAIN,SNCF,L,04:00:00
C01740,TRAIN,SNCF,L,04:30:00
C01740,TRAIN,SNCF,L,05:00:00
C01740,TRAIN,SNCF,L,05:30:00
C01740,TRAIN,SNCF,L,23:59:00
C01376,METRO,RATP,06,07:00:00
C01376,METRO,RATP,06,07:30:00
C01376,METRO,RATP,06,08:00:00
C01376,METRO,RATP,06,08:30:00
C01376,METRO,RATP,06,09:00:00
C01376,METRO,RATP,06,09:30:00
C01376,METRO,RATP,06,10:00:00
C01376,METRO,RATP,06,10:30:00
C01376,METRO,RATP,06,11:00:00
C01376,METRO,RATP,06,11:30:00
C01376,METRO,RATP,06,12:00:00
C01376,METRO,RATP,06,12:30:00
C01376,METRO,RATP,06,13:00:00
C01376,METRO,RATP,06,13:30:00
C01376,METRO,RATP,06,14:00:00
C01376,METRO,RATP,06,14:30:00
C01376,METRO,RATP,06,15:00:00
C01376,METRO,RATP,06,15:30:00
C01376,METRO,RATP,06,16:00:00
C01376,METRO,RATP,06,16:30:00
C01376,METRO,RATP,06,17:00:00
C01376,METRO,RATP,06,17:30:00
C01376,METRO,RATP,06,18:00:00
C01376,METRO,RATP,06,18:30:00
C01376,METRO,RATP,06,19:00:00
C01376,METRO,RATP,06,19:30:00
C01376,METRO,RATP,06,20:00:00
C01376,METRO,RATP,06,20:30:00
C01376,METRO,RATP,06,21:00:00
C01376,METRO,RATP,06,21:30:00
C01376,METRO,RATP,06,22:00:00
C01376,METRO,RATP,06,22:30:00
C01376,METRO,RATP,06,23:00:00
C01376,METRO,RATP,06,23:30:00
C01376,METRO,RATP,06,00:00:00
C01376,METRO,RATP,06,00:30:00
C01376,METRO,RATP,06,01:00:00
C01376,METRO,RATP,06,06:00:00
C01376,METRO,RATP,06,06:30:00
C01376,METRO,RATP,06,01:30:00
C01376,METRO,RATP,06,02:00:00
C01376,METRO,RATP,06,02:30:00
C01376,METRO,RATP,06,03:00:00
C01376,METRO,RATP,06,03:30:00
C01376,METRO,RATP,06,04:00:00
C01376,METRO,RATP,06,04:30:00
C01376,METRO,RATP,06,05:00:00
C01376,METRO,RATP,06,05:30:00
C01376,METRO,RATP,06,23:59:00
C01729,RER,SNCF,E,07:00:00
C01729,RER,SNCF,E,07:30:00
C01729,RER,SNCF,E,08:00:00
C01729,RER,SNCF,E,08:30:00
C01729,RER,SNCF,E,09:00:00
C01729,RER,SNCF,E,09:30:00
C01729,RER,SNCF,E,10:00:00
C01729,RER,SNCF,E,10:30:00
C01729,RER,SNCF,E,11:00:00
C01729,RER,SNCF,E,11:30:00
C01729,RER,SNCF,E,12:00:00
C01729,RER,SNCF,E,12:30:00
C01729,RER,SNCF,E,13:00:00
C01729,RER,SNCF,E,13:30:00
C01729,RER,SNCF,E,14:00:00
C01729,RER,SNCF,E,14:30:00
C01729,RER,SNCF,E,15:00:00
C01729,RER,SNCF,E,15:30:00
C01729,RER,SNCF,E,16:00:00
C01729,RER,SNCF,E,16:30:00
C01729,RER,SNCF,E,17:00:00
C01729,RER,SNCF,E,17:30:00
C01729,RER,SNCF,E,18:00:00
C01729,RER,SNCF,E,18:30:00
C01729,RER,SNCF,E,19:00:00
C01729,RER,SNCF,E,19:30:00
C01729,RER,SNCF,E,20:00:00
C01729,RER,SNCF,E,20:30:00
C01729,RER,SNCF,E,21:00:00
C01729,RER,SNCF,E,21:30:00
C01729,RER,SNCF,E,22:00:00
C01729,RER,SNCF,E,22:30:00
C01729,RER,SNCF,E,23:00:00
C01729,RER,SNCF,E,23:30:00
C01729,RER,SNCF,E,00:00:00
C01729,RER,SNCF,E,00:30:00
C01729,RER,SNCF,E,01:00:00
C01729,RER,SNCF,E,06:00:00
C01729,RER,SNCF,E,06:30:00
C01729,RER,SNCF,E,01:30:00
C01729,RER,SNCF,E,02:00:00
C01729,RER,SNCF,E,02:30:00
C01729,RER,SNCF,E,03:00:00
C01729,RER,SNCF,E,03:30:00
C01729,RER,SNCF,E,04:00:00
C01729,RER,SNCF,E,04:30:00
C01729,RER,SNCF,E,05:00:00
C01729,RER,SNCF,E,05:30:00
C01729,RER,SNCF,E,23:59:00
C01743,RER,SNCF,B,07:00:00
C01743,RER,SNCF,B,07:30:00
C01743,RER,SNCF,B,08:00:00
C01743,RER,SNCF,B,08:30:00
C01743,RER,SNCF,B,09:00:00
C01743,RER,SNCF,B,09:30:00
C01743,RER,SNCF,B,10:00:00
C01743,RER,SNCF,B,10:30:00
C01743,RER,SNCF,B,11:00:00
C01743,RER,SNCF,B,11:30:00
C01743,RER,SNCF,B,12:00:00
C01743,RER,SNCF,B,12:30:00
C01743,RER,SNCF,B,13:00:00
C01743,RER,SNCF,B,13:30:00
C01743,RER,SNCF,B,14:00:00
C01743,RER,SNCF,B,14:30:00
C01743,RER,SNCF,B,15:00:00
C01743,RER,SNCF,B,15:30:00
C01743,RER,SNCF,B,16:00:00
C01743,RER,SNCF,B,16:30:00
C01743,RER,SNCF,B,17:00:00
C01743,RER,SNCF,B,17:30:00
C01743,RER,SNCF,B,18:00:00
C01743,RER,SNCF,B,18:30:00
C01743,RER,SNCF,B,19:00:00
C01743,RER,SNCF,B,19:30:00
C01743,RER,SNCF,B,20:00:00
C01743,RER,SNCF,B,20:30:00
C01743,RER,SNCF,B,21:00:00
C01743,RER,SNCF,B,21:30:00
C01743,RER,SNCF,B,22:00:00
C01743,RER,SNCF,B,22:30:00
C01743,RER,SNCF,B,23:00:00
C01743,RER,SNCF,B,23:30:00
C01743,RER,SNCF,B,00:00:00
C01743,RER,SNCF,B,00:30:00
C01743,RER,SNCF,B,01:00:00
C01743,RER,SNCF,B,06:00:00
C01743,RER,SNCF,B,06:30:00
C01743,RER,SNCF,B,01:30:00
C01743,RER,SNCF,B,02:00:00
C01743,RER,SNCF,B,02:30:00
C01743,RER,SNCF,B,03:00:00
C01743,RER,SNCF,B,03:30:00
C01743,RER,SNCF,B,04:00:00
C01743,RER,SNCF,B,04:30:00
C01743,RER,SNCF,B,05:00:00
C01743,RER,SNCF,B,05:30:00
C01743,RER,SNCF,B,23:59:00
C01739,TRAIN,SNCF,J,07:00:00
C01739,TRAIN,SNCF,J,07:30:00
C01739,TRAIN,SNCF,J,08:00:00
C01739,TRAIN,SNCF,J,08:30:00
C01739,TRAIN,SNCF,J,09:00:00
C01739,TRAIN,SNCF,J,09:30:00
C01739,TRAIN,SNCF,J,10:00:00
C01739,TRAIN,SNCF,J,10:30:00
C01739,TRAIN,SNCF,J,11:00:00
C01739,TRAIN,SNCF,J,11:30:00
C01739,TRAIN,SNCF,J,12:00:00
C01739,TRAIN,SNCF,J,12:30:00
C01739,TRAIN,SNCF,J,13:00:00
C01739,TRAIN,SNCF,J,13:30:00
C01739,TRAIN,SNCF,J,14:00:00
C01739,TRAIN,SNCF,J,14:30:00
C01739,TRAIN,SNCF,J,15:00:00
C01739,TRAIN,SNCF,J,15:30:00
C01739,TRAIN,SNCF,J,16:00:00
C01739,TRAIN,SNCF,J,16:30:00
C01739,TRAIN,SNCF,J,17:00:00
C01739,TRAIN,SNCF,J,17:30:00
C01739,TRAIN,SNCF,J,18:00:00
C01739,TRAIN,SNCF,J,18:30:00
C01739,TRAIN,SNCF,J,19:00:00
C01739,TRAIN,SNCF,J,19:30:00
C01739,TRAIN,SNCF,J,20:00:00
C01739,TRAIN,SNCF,J,20:30:00
C01739,TRAIN,SNCF,J,21:00:00
C01739,TRAIN,SNCF,J,21:30:00
C01739,TRAIN,SNCF,J,22:00:00
C01739,TRAIN,SNCF,J,22:30:00
C01739,TRAIN,SNCF,J,23:00:00
C01739,TRAIN,SNCF,J,23:30:00
C01739,TRAIN,SNCF,J,00:00:00
C01739,TRAIN,SNCF,J,00:30:00
C01739,TRAIN,SNCF,J,01:00:00
C01739,TRAIN,SNCF,J,06:00:00
C01739,TRAIN,SNCF,J,06:30:00
C01739,TRAIN,SNCF,J,01:30:00
C01739,TRAIN,SNCF,J,02:00:00
C01739,TRAIN,SNCF,J,02:30:00
C01739,TRAIN,SNCF,J,03:00:00
C01739,TRAIN,SNCF,J,03:30:00
C01739,TRAIN,SNCF,J,04:00:00
C01739,TRAIN,SNCF,J,04:30:00
C01739,TRAIN,SNCF,J,05:00:00
C01739,TRAIN,SNCF,J,05:30:00
C01739,TRAIN,SNCF,J,23:59:00
C01736,TRAIN,SNCF,N,07:00:00
C01736,TRAIN,SNCF,N,07:30:00
C01736,TRAIN,SNCF,N,08:00:00
C01736,TRAIN,SNCF,N,08:30:00
C01736,TRAIN,SNCF,N,09:00:00
C01736,TRAIN,SNCF,N,09:30:00
C01736,TRAIN,SNCF,N,10:00:00
C01736,TRAIN,SNCF,N,10:30:00
C01736,TRAIN,SNCF,N,11:00:00
C01736,TRAIN,SNCF,N,11:30:00
C01736,TRAIN,SNCF,N,12:00:00
C01736,TRAIN,SNCF,N,12:30:00
C01736,TRAIN,SNCF,N,13:00:00
C01736,TRAIN,SNCF,N,13:30:00
C01736,TRAIN,SNCF,N,14:00:00
C01736,TRAIN,SNCF,N,14:30:00
C01736,TRAIN,SNCF,N,15:00:00
C01736,TRAIN,SNCF,N,15:30:00
C01736,TRAIN,SNCF,N,16:00:00
C01736,TRAIN,SNCF,N,16:30:00
C01736,TRAIN,SNCF,N,17:00:00
C01736,TRAIN,SNCF,N,17:30:00
C01736,TRAIN,SNCF,N,18:00:00
C01736,TRAIN,SNCF,N,18:30:00
C01736,TRAIN,SNCF,N,19:00:00
C01736,TRAIN,SNCF,N,19:30:00
C01736,TRAIN,SNCF,N,20:00:00
C01736,TRAIN,SNCF,N,20:30:00
C01736,TRAIN,SNCF,N,21:00:00
C01736,TRAIN,SNCF,N,21:30:00
C01736,TRAIN,SNCF,N,22:00:00
C01736,TRAIN,SNCF,N,22:30:00
C01736,TRAIN,SNCF,N,23:00:00
C01736,TRAIN,SNCF,N,23:30:00
C01736,TRAIN,SNCF,N,00:00:00
C01736,TRAIN,SNCF,N,00:30:00
C01736,TRAIN,SNCF,N,01:00:00
C01736,TRAIN,SNCF,N,06:00:00
C01736,TRAIN,SNCF,N,06:30:00
C01736,TRAIN,SNCF,N,01:30:00
C01736,TRAIN,SNCF,N,02:00:00
C01736,TRAIN,SNCF,N,02:30:00
C01736,TRAIN,SNCF,N,03:00:00
C01736,TRAIN,SNCF,N,03:30:00
C01736,TRAIN,SNCF,N,04:00:00
C01736,TRAIN,SNCF,N,04:30:00
C01736,TRAIN,SNCF,N,05:00:00
C01736,TRAIN,SNCF,N,05:30:00
C01736,TRAIN,SNCF,N,23:59:00
C01742,RER,SNCF,A,07:00:00
C01742,RER,SNCF,A,07:30:00
C01742,RER,SNCF,A,08:00:00
C01742,RER,SNCF,A,08:30:00
C01742,RER,SNCF,A,09:00:00
C01742,RER,SNCF,A,09:30:00
C01742,RER,SNCF,A,10:00:00
C01742,RER,SNCF,A,10:30:00
C01742,RER,SNCF,A,11:00:00
C01742,RER,SNCF,A,11:30:00
C01742,RER,SNCF,A,12:00:00
C01742,RER,SNCF,A,12:30:00
C01742,RER,SNCF,A,13:00:00
C01742,RER,SNCF,A,13:30:00
C01742,RER,SNCF,A,14:00:00
C01742,RER,SNCF,A,14:30:00
C01742,RER,SNCF,A,15:00:00
C01742,RER,SNCF,A,15:30:00
C01742,RER,SNCF,A,16:00:00
C01742,RER,SNCF,A,16:30:00
C01742,RER,SNCF,A,17:00:00
C01742,RER,SNCF,A,17:30:00
C01742,RER,SNCF,A,18:00:00
C01742,RER,SNCF,A,18:30:00
C01742,RER,SNCF,A,19:00:00
C01742,RER,SNCF,A,19:30:00
C01742,RER,SNCF,A,20:00:00
C01742,RER,SNCF,A,20:30:00
C01742,RER,SNCF,A,21:00:00
C01742,RER,SNCF,A,21:30:00
C01742,RER,SNCF,A,22:00:00
C01742,RER,SNCF,A,22:30:00
C01742,RER,SNCF,A,23:00:00
C01742,RER,SNCF,A,23:30:00
C01742,RER,SNCF,A,00:00:00
C01742,RER,SNCF,A,00:30:00
C01742,RER,SNCF,A,01:00:00
C01742,RER,SNCF,A,06:00:00
C01742,RER,SNCF,A,06:30:00
C01742,RER,SNCF,A,01:30:00
C01742,RER,SNCF,A,02:00:00
C01742,RER,SNCF,A,02:30:00
C01742,RER,SNCF,A,03:00:00
C01742,RER,SNCF,A,03:30:00
C01742,RER,SNCF,A,04:00:00
C01742,RER,SNCF,A,04:30:00
C01742,RER,SNCF,A,05:00:00
C01742,RER,SNCF,A,05:30:00
C01742,RER,SNCF,A,23:59:00
C01742,RER,RATP,A,07:00:00
C01742,RER,RATP,A,07:30:00
C01742,RER,RATP,A,08:00:00
C01742,RER,RATP,A,08:30:00
C01742,RER,RATP,A,09:00:00
C01742,RER,RATP,A,09:30:00
C01742,RER,RATP,A,10:00:00
C01742,RER,RATP,A,10:30:00
C01742,RER,RATP,A,11:00:00
C01742,RER,RATP,A,11:30:00
C01742,RER,RATP,A,12:00:00
C01742,RER,RATP,A,12:30:00
C01742,RER,RATP,A,13:00:00
C01742,RER,RATP,A,13:30:00
C01742,RER,RATP,A,14:00:00
C01742,RER,RATP,A,14:30:00
C01742,RER,RATP,A,15:00:00
C01742,RER,RATP,A,15:30:00
C01742,RER,RATP,A,16:00:00
C01742,RER,RATP,A,16:30:00
C01742,RER,RATP,A,17:00:00
C01742,RER,RATP,A,17:30:00
C01742,RER,RATP,A,18:00:00
C01742,RER,RATP,A,18:30:00
C01742,RER,RATP,A,19:00:00
C01742,RER,RATP,A,19:30:00
C01742,RER,RATP,A,20:00:00
C01742,RER,RATP,A,20:30:00
C01742,RER,RATP,A,21:00:00
C01742,RER,RATP,A,21:30:00
C01742,RER,RATP,A,22:00:00
C01742,RER,RATP,A,22:30:00
C01742,RER,RATP,A,23:00:00
C01742,RER,RATP,A,23:30:00
C01742,RER,RATP,A,00:00:00
C01742,RER,RATP,A,00:30:00
C01742,RER,RATP,A,01:00:00
C01742,RER,RATP,A,06:00:00
C01742,RER,RATP,A,06:30:00
C01742,RER,RATP,A,01:30:00
C01742,RER,RATP,A,02:00:00
C01742,RER,RATP,A,02:30:00
C01742,RER,RATP,A,03:00:00
C01742,RER,RATP,A,03:30:00
C01742,RER,RATP,A,04:00:00
C01742,RER,RATP,A,04:30:00
C01742,RER,RATP,A,05:00:00
C01742,RER,RATP,A,05:30:00
C01742,RER,RATP,A,23:59:00
C01378,METRO,RATP,08,07:00:00
C01378,METRO,RATP,08,07:30:00
C01378,METRO,RATP,08,08:00:00
C01378,METRO,RATP,08,08:30:00
C01378,METRO,RATP,08,09:00:00
C01378,METRO,RATP,08,09:30:00
C01378,METRO,RATP,08,10:00:00
C01378,METRO,RATP,08,10:30:00
C01378,METRO,RATP,08,11:00:00
C01378,METRO,RATP,08,11:30:00
C01378,METRO,RATP,08,12:00:00
C01378,METRO,RATP,08,12:30:00
C01378,METRO,RATP,08,13:00:00
C01378,METRO,RATP,08,13:30:00
C01378,METRO,RATP,08,14:00:00
C01378,METRO,RATP,08,14:30:00
C01378,METRO,RATP,08,15:00:00
C01378,METRO,RATP,08,15:30:00
C01378,METRO,RATP,08,16:00:00
C01378,METRO,RATP,08,16:30:00
C01378,METRO,RATP,08,17:00:00
C01378,METRO,RATP,08,17:30:00
C01378,METRO,RATP,08,18:00:00
C01378,METRO,RATP,08,18:30:00
C01378,METRO,RATP,08,19:00:00
C01378,METRO,RATP,08,19:30:00
C01378,METRO,RATP,08,20:00:00
C01378,METRO,RATP,08,20:30:00
C01378,METRO,RATP,08,21:00:00
C01378,METRO,RATP,08,21:30:00
C01378,METRO,RATP,08,22:00:00
C01378,METRO,RATP,08,22:30:00
C01378,METRO,RATP,08,23:00:00
C01378,METRO,RATP,08,23:30:00
C01378,METRO,RATP,08,00:00:00
C01378,METRO,RATP,08,00:30:00
C01378,METRO,RATP,08,01:00:00
C01378,METRO,RATP,08,06:00:00
C01378,METRO,RATP,08,06:30:00
C01378,METRO,RATP,08,01:30:00
C01378,METRO,RATP,08,02:00:00
C01378,METRO,RATP,08,02:30:00
C01378,METRO,RATP,08,03:00:00
C01378,METRO,RATP,08,03:30:00
C01378,METRO,RATP,08,04:00:00
C01378,METRO,RATP,08,04:30:00
C01378,METRO,RATP,08,05:00:00
C01378,METRO,RATP,08,05:30:00
C01378,METRO,RATP,08,23:59:00
C01371,METRO,RATP,01,07:00:00
C01371,METRO,RATP,01,07:30:00
C01371,METRO,RATP,01,08:00:00
C01371,METRO,RATP,01,08:30:00
C01371,METRO,RATP,01,09:00:00
C01371,METRO,RATP,01,09:30:00
C01371,METRO,RATP,01,10:00:00
C01371,METRO,RATP,01,10:30:00
C01371,METRO,RATP,01,11:00:00
C01371,METRO,RATP,01,11:30:00
C01371,METRO,RATP,01,12:00:00
C01371,METRO,RATP,01,12:30:00
C01371,METRO,RATP,01,13:00:00
C01371,METRO,RATP,01,13:30:00
C01371,METRO,RATP,01,14:00:00
C01371,METRO,RATP,01,14:30:00
C01371,METRO,RATP,01,15:00:00
C01371,METRO,RATP,01,15:30:00
C01371,METRO,RATP,01,16:00:00
C01371,METRO,RATP,01,16:30:00
C01371,METRO,RATP,01,17:00:00
C01371,METRO,RATP,01,17:30:00
C01371,METRO,RATP,01,18:00:00
C01371,METRO,RATP,01,18:30:00
C01371,METRO,RATP,01,19:00:00
C01371,METRO,RATP,01,19:30:00
C01371,METRO,RATP,01,20:00:00
C01371,METRO,RATP,01,20:30:00
C01371,METRO,RATP,01,21:00:00
C01371,METRO,RATP,01,21:30:00
C01371,METRO,RATP,01,22:00:00
C01371,METRO,RATP,01,22:30:00
C01371,METRO,RATP,01,23:00:00
C01371,METRO,RATP,01,23:30:00
C01371,METRO,RATP,01,00:00:00
C01371,METRO,RATP,01,00:30:00
C01371,METRO,RATP,01,01:00:00
C01371,METRO,RATP,01,06:00:00
C01371,METRO,RATP,01,06:30:00
C01371,METRO,RATP,01,01:30:00
C01371,METRO,RATP,01,02:00:00
C01371,METRO,RATP,01,02:30:00
C01371,METRO,RATP,01,03:00:00
C01371,METRO,RATP,01,03:30:00
C01371,METRO,RATP,01,04:00:00
C01371,METRO,RATP,01,04:30:00
C01371,METRO,RATP,01,05:00:00
C01371,METRO,RATP,01,05:30:00
C01371,METRO,RATP,01,23:59:00
C01379,METRO,RATP,09,07:00:00
C01379,METRO,RATP,09,07:30:00
C01379,METRO,RATP,09,08:00:00
C01379,METRO,RATP,09,08:30:00
C01379,METRO,RATP,09,09:00:00
C01379,METRO,RATP,09,09:30:00
C01379,METRO,RATP,09,10:00:00
C01379,METRO,RATP,09,10:30:00
C01379,METRO,RATP,09,11:00:00
C01379,METRO,RATP,09,11:30:00
C01379,METRO,RATP,09,12:00:00
C01379,METRO,RATP,09,12:30:00
C01379,METRO,RATP,09,13:00:00
C01379,METRO,RATP,09,13:30:00
C01379,METRO,RATP,09,14:00:00
C01379,METRO,RATP,09,14:30:00
C01379,METRO,RATP,09,15:00:00
C01379,METRO,RATP,09,15:30:00
C01379,METRO,RATP,09,16:00:00
C01379,METRO,RATP,09,16:30:00
C01379,METRO,RATP,09,17:00:00
C01379,METRO,RATP,09,17:30:00
C01379,METRO,RATP,09,18:00:00
C01379,METRO,RATP,09,18:30:00
C01379,METRO,RATP,09,19:00:00
C01379,METRO,RATP,09,19:30:00
C01379,METRO,RATP,09,20:00:00
C01379,METRO,RATP,09,20:30:00
C01379,METRO,RATP,09,21:00:00
C01379,METRO,RATP,09,21:30:00
C01379,METRO,RATP,09,22:00:00
C01379,METRO,RATP,09,22:30:00
C01379,METRO,RATP,09,23:00:00
C01379,METRO,RATP,09,23:30:00
C01379,METRO,RATP,09,00:00:00
C01379,METRO,RATP,09,00:30:00
C01379,METRO,RATP,09,01:00:00
C01379,METRO,RATP,09,06:00:00
C01379,METRO,RATP,09,06:30:00
C01379,METRO,RATP,09,01:30:00
C01379,METRO,RATP,09,02:00:00
C01379,METRO,RATP,09,02:30:00
C01379,METRO,RATP,09,03:00:00
C01379,METRO,RATP,09,03:30:00
C01379,METRO,RATP,09,04:00:00
C01379,METRO,RATP,09,04:30:00
C01379,METRO,RATP,09,05:00:00
C01379,METRO,RATP,09,05:30:00
C01379,METRO,RATP,09,23:59:00
C01384,METRO,RATP,14,07:00:00
C01384,METRO,RATP,14,07:30:00
C01384,METRO,RATP,14,08:00:00
C01384,METRO,RATP,14,08:30:00
C01384,METRO,RATP,14,09:00:00
C01384,METRO,RATP,14,09:30:00
C01384,METRO,RATP,14,10:00:00
C01384,METRO,RATP,14,10:30:00
C01384,METRO,RATP,14,11:00:00
C01384,METRO,RATP,14,11:30:00
C01384,METRO,RATP,14,12:00:00
C01384,METRO,RATP,14,12:30:00
C01384,METRO,RATP,14,13:00:00
C01384,METRO,RATP,14,13:30:00
C01384,METRO,RATP,14,14:00:00
C01384,METRO,RATP,14,14:30:00
C01384,METRO,RATP,14,15:00:00
C01384,METRO,RATP,14,15:30:00
C01384,METRO,RATP,14,16:00:00
C01384,METRO,RATP,14,16:30:00
C01384,METRO,RATP,14,17:00:00
C01384,METRO,RATP,14,17:30:00
C01384,METRO,RATP,14,18:00:00
C01384,METRO,RATP,14,18:30:00
C01384,METRO,RATP,14,19:00:00
C01384,METRO,RATP,14,19:30:00
C01384,METRO,RATP,14,20:00:00
C01384,METRO,RATP,14,20:30:00
C01384,METRO,RATP,14,21:00:00
C01384,METRO,RATP,14,21:30:00
C01384,METRO,RATP,14,22:00:00
C01384,METRO,RATP,14,22:30:00
C01384,METRO,RATP,14,23:00:00
C01384,METRO,RATP,14,23:30:00
C01384,METRO,RATP,14,00:00:00
C01384,METRO,RATP,14,00:30:00
C01384,METRO,RATP,14,01:00:00
C01384,METRO,RATP,14,06:00:00
C01384,METRO,RATP,14,06:30:00
C01384,METRO,RATP,14,01:30:00
C01384,METRO,RATP,14,02:00:00
C01384,METRO,RATP,14,02:30:00
C01384,METRO,RATP,14,03:00:00
C01384,METRO,RATP,14,03:30:00
C01384,METRO,RATP,14,04:00:00
C01384,METRO,RATP,14,04:30:00
C01384,METRO,RATP,14,05:00:00
C01384,METRO,RATP,14,05:30:00
C01384,METRO,RATP,14,23:59:00
C01383,METRO,RATP,13,07:00:00
C01383,METRO,RATP,13,07:30:00
C01383,METRO,RATP,13,08:00:00
C01383,METRO,RATP,13,08:30:00
C01383,METRO,RATP,13,09:00:00
C01383,METRO,RATP,13,09:30:00
C01383,METRO,RATP,13,10:00:00
C01383,METRO,RATP,13,10:30:00
C01383,METRO,RATP,13,11:00:00
C01383,METRO,RATP,13,11:30:00
C01383,METRO,RATP,13,12:00:00
C01383,METRO,RATP,13,12:30:00
C01383,METRO,RATP,13,13:00:00
C01383,METRO,RATP,13,13:30:00
C01383,METRO,RATP,13,14:00:00
C01383,METRO,RATP,13,14:30:00
C01383,METRO,RATP,13,15:00:00
C01383,METRO,RATP,13,15:30:00
C01383,METRO,RATP,13,16:00:00
C01383,METRO,RATP,13,16:30:00
C01383,METRO,RATP,13,17:00:00
C01383,METRO,RATP,13,17:30:00
C01383,METRO,RATP,13,18:00:00
C01383,METRO,RATP,13,18:30:00
C01383,METRO,RATP,13,19:00:00
C01383,METRO,RATP,13,19:30:00
C01383,METRO,RATP,13,20:00:00
C01383,METRO,RATP,13,20:30:00
C01383,METRO,RATP,13,21:00:00
C01383,METRO,RATP,13,21:30:00
C01383,METRO,RATP,13,22:00:00
C01383,METRO,RATP,13,22:30:00
C01383,METRO,RATP,13,23:00:00
C01383,METRO,RATP,13,23:30:00
C01383,METRO,RATP,13,00:00:00
C01383,METRO,RATP,13,00:30:00
C01383,METRO,RATP,13,01:00:00
C01383,METRO,RATP,13,06:00:00
C01383,METRO,RATP,13,06:30:00
C01383,METRO,RATP,13,01:30:00
C01383,METRO,RATP,13,02:00:00
C01383,METRO,RATP,13,02:30:00
C01383,METRO,RATP,13,03:00:00
C01383,METRO,RATP,13,03:30:00
C01383,METRO,RATP,13,04:00:00
C01383,METRO,RATP,13,04:30:00
C01383,METRO,RATP,13,05:00:00
C01383,METRO,RATP,13,05:30:00
C01383,METRO,RATP,13,23:59:00
C01382,METRO,RATP,12,07:00:00
C01382,METRO,RATP,12,07:30:00
C01382,METRO,RATP,12,08:00:00
C01382,METRO,RATP,12,08:30:00
C01382,METRO,RATP,12,09:00:00
C01382,METRO,RATP,12,09:30:00
C01382,METRO,RATP,12,10:00:00
C01382,METRO,RATP,12,10:30:00
C01382,METRO,RATP,12,11:00:00
C01382,METRO,RATP,12,11:30:00
C01382,METRO,RATP,12,12:00:00
C01382,METRO,RATP,12,12:30:00
C01382,METRO,RATP,12,13:00:00
C01382,METRO,RATP,12,13:30:00
C01382,METRO,RATP,12,14:00:00
C01382,METRO,RATP,12,14:30:00
C01382,METRO,RATP,12,15:00:00
C01382,METRO,RATP,12,15:30:00
C01382,METRO,RATP,12,16:00:00
C01382,METRO,RATP,12,16:30:00
C01382,METRO,RATP,12,17:00:00
C01382,METRO,RATP,12,17:30:00
C01382,METRO,RATP,12,18:00:00
C01382,METRO,RATP,12,18:30:00
C01382,METRO,RATP,12,19:00:00
C01382,METRO,RATP,12,19:30:00
C01382,METRO,RATP,12,20:00:00
C01382,METRO,RATP,12,20:30:00
C01382,METRO,RATP,12,21:00:00
C01382,METRO,RATP,12,21:30:00
C01382,METRO,RATP,12,22:00:00
C01382,METRO,RATP,12,22:30:00
C01382,METRO,RATP,12,23:00:00
C01382,METRO,RATP,12,23:30:00
C01382,METRO,RATP,12,00:00:00
C01382,METRO,RATP,12,00:30:00
C01382,METRO,RATP,12,01:00:00
C01382,METRO,RATP,12,06:00:00
C01382,METRO,RATP,12,06:30:00
C01382,METRO,RATP,12,01:30:00
C01382,METRO,RATP,12,02:00:00
C01382,METRO,RATP,12,02:30:00
C01382,METRO,RATP,12,03:00:00
C01382,METRO,RATP,12,03:30:00
C01382,METRO,RATP,12,04:00:00
C01382,METRO,RATP,12,04:30:00
C01382,METRO,RATP,12,05:00:00
C01382,METRO,RATP,12,05:30:00
C01382,METRO,RATP,12,23:59:00
C01377,METRO,RATP,07,07:00:00
C01377,METRO,RATP,07,07:30:00
C01377,METRO,RATP,07,08:00:00
C01377,METRO,RATP,07,08:30:00
C01377,METRO,RATP,07,09:00:00
C01377,METRO,RATP,07,09:30:00
C01377,METRO,RATP,07,10:00:00
C01377,METRO,RATP,07,10:30:00
C01377,METRO,RATP,07,11:00:00
C01377,METRO,RATP,07,11:30:00
C01377,METRO,RATP,07,12:00:00
C01377,METRO,RATP,07,12:30:00
C01377,METRO,RATP,07,13:00:00
C01377,METRO,RATP,07,13:30:00
C01377,METRO,RATP,07,14:00:00
C01377,METRO,RATP,07,14:30:00
C01377,METRO,RATP,07,15:00:00
C01377,METRO,RATP,07,15:30:00
C01377,METRO,RATP,07,16:00:00
C01377,METRO,RATP,07,16:30:00
C01377,METRO,RATP,07,17:00:00
C01377,METRO,RATP,07,17:30:00
C01377,METRO,RATP,07,18:00:00
C01377,METRO,RATP,07,18:30:00
C01377,METRO,RATP,07,19:00:00
C01377,METRO,RATP,07,19:30:00
C01377,METRO,RATP,07,20:00:00
C01377,METRO,RATP,07,20:30:00
C01377,METRO,RATP,07,21:00:00
C01377,METRO,RATP,07,21:30:00
C01377,METRO,RATP,07,22:00:00
C01377,METRO,RATP,07,22:30:00
C01377,METRO,RATP,07,23:00:00
C01377,METRO,RATP,07,23:30:00
C01377,METRO,RATP,07,00:00:00
C01377,METRO,RATP,07,00:30:00
C01377,METRO,RATP,07,01:00:00
C01377,METRO,RATP,07,06:00:00
C01377,METRO,RATP,07,06:30:00
C01377,METRO,RATP,07,01:30:00
C01377,METRO,RATP,07,02:00:00
C01377,METRO,RATP,07,02:30:00
C01377,METRO,RATP,07,03:00:00
C01377,METRO,RATP,07,03:30:00
C01377,METRO,RATP,07,04:00:00
C01377,METRO,RATP,07,04:30:00
C01377,METRO,RATP,07,05:00:00
C01377,METRO,RATP,07,05:30:00
C01377,METRO,RATP,07,23:59:00
C01373,METRO,RATP,03,07:00:00
C01373,METRO,RATP,03,07:30:00
C01373,METRO,RATP,03,08:00:00
C01373,METRO,RATP,03,08:30:00
C01373,METRO,RATP,03,09:00:00
C01373,METRO,RATP,03,09:30:00
C01373,METRO,RATP,03,10:00:00
C01373,METRO,RATP,03,10:30:00
C01373,METRO,RATP,03,11:00:00
C01373,METRO,RATP,03,11:30:00
C01373,METRO,RATP,03,12:00:00
C01373,METRO,RATP,03,12:30:00
C01373,METRO,RATP,03,13:00:00
C01373,METRO,RATP,03,13:30:00
C01373,METRO,RATP,03,14:00:00
C01373,METRO,RATP,03,14:30:00
C01373,METRO,RATP,03,15:00:00
C01373,METRO,RATP,03,15:30:00
C01373,METRO,RATP,03,16:00:00
C01373,METRO,RATP,03,16:30:00
C01373,METRO,RATP,03,17:00:00
C01373,METRO,RATP,03,17:30:00
C01373,METRO,RATP,03,18:00:00
C01373,METRO,RATP,03,18:30:00
C01373,METRO,RATP,03,19:00:00
C01373,METRO,RATP,03,19:30:00
C01373,METRO,RATP,03,20:00:00
C01373,METRO,RATP,03,20:30:00
C01373,METRO,RATP,03,21:00:00
C01373,METRO,RATP,03,21:30:00
C01373,METRO,RATP,03,22:00:00
C01373,METRO,RATP,03,22:30:00
C01373,METRO,RATP,03,23:00:00
C01373,METRO,RATP,03,23:30:00
C01373,METRO,RATP,03,00:00:00
C01373,METRO,RATP,03,00:30:00
C01373,METRO,RATP,03,01:00:00
C01373,METRO,RATP,03,06:00:00
C01373,METRO,RATP,03,06:30:00
C01373,METRO,RATP,03,01:30:00
C01373,METRO,RATP,03,02:00:00
C01373,METRO,RATP,03,02:30:00
C01373,METRO,RATP,03,03:00:00
C01373,METRO,RATP,03,03:30:00
C01373,METRO,RATP,03,04:00:00
C01373,METRO,RATP,03,04:30:00
C01373,METRO,RATP,03,05:00:00
C01373,METRO,RATP,03,05:30:00
C01373,METRO,RATP,03,23:59:00
C01375,METRO,RATP,05,07:00:00
C01375,METRO,RATP,05,07:30:00
C01375,METRO,RATP,05,08:00:00
C01375,METRO,RATP,05,08:30:00
C01375,METRO,RATP,05,09:00:00
C01375,METRO,RATP,05,09:30:00
C01375,METRO,RATP,05,10:00:00
C01375,METRO,RATP,05,10:30:00
C01375,METRO,RATP,05,11:00:00
C01375,METRO,RATP,05,11:30:00
C01375,METRO,RATP,05,12:00:00
C01375,METRO,RATP,05,12:30:00
C01375,METRO,RATP,05,13:00:00
C01375,METRO,RATP,05,13:30:00
C01375,METRO,RATP,05,14:00:00
C01375,METRO,RATP,05,14:30:00
C01375,METRO,RATP,05,15:00:00
C01375,METRO,RATP,05,15:30:00
C01375,METRO,RATP,05,16:00:00
C01375,METRO,RATP,05,16:30:00
C01375,METRO,RATP,05,17:00:00
C01375,METRO,RATP,05,17:30:00
C01375,METRO,RATP,05,18:00:00
C01375,METRO,RATP,05,18:30:00
C01375,METRO,RATP,05,19:00:00
C01375,METRO,RATP,05,19:30:00
C01375,METRO,RATP,05,20:00:00
C01375,METRO,RATP,05,20:30:00
C01375,METRO,RATP,05,21:00:00
C01375,METRO,RATP,05,21:30:00
C01375,METRO,RATP,05,22:00:00
C01375,METRO,RATP,05,22:30:00
C01375,METRO,RATP,05,23:00:00
C01375,METRO,RATP,05,23:30:00
C01375,METRO,RATP,05,00:00:00
C01375,METRO,RATP,05,00:30:00
C01375,METRO,RATP,05,01:00:00
C01375,METRO,RATP,05,06:00:00
C01375,METRO,RATP,05,06:30:00
C01375,METRO,RATP,05,01:30:00
C01375,METRO,RATP,05,02:00:00
C01375,METRO,RATP,05,02:30:00
C01375,METRO,RATP,05,03:00:00
C01375,METRO,RATP,05,03:30:00
C01375,METRO,RATP,05,04:00:00
C01375,METRO,RATP,05,04:30:00
C01375,METRO,RATP,05,05:00:00
C01375,METRO,RATP,05,05:30:00
C01375,METRO,RATP,05,23:59:00
C01374,METRO,RATP,04,07:00:00
C01374,METRO,RATP,04,07:30:00
C01374,METRO,RATP,04,08:00:00
C01374,METRO,RATP,04,08:30:00
C01374,METRO,RATP,04,09:00:00
C01374,METRO,RATP,04,09:30:00
C01374,METRO,RATP,04,10:00:00
C01374,METRO,RATP,04,10:30:00
C01374,METRO,RATP,04,11:00:00
C01374,METRO,RATP,04,11:30:00
C01374,METRO,RATP,04,12:00:00
C01374,METRO,RATP,04,12:30:00
C01374,METRO,RATP,04,13:00:00
C01374,METRO,RATP,04,13:30:00
C01374,METRO,RATP,04,14:00:00
C01374,METRO,RATP,04,14:30:00
C01374,METRO,RATP,04,15:00:00
C01374,METRO,RATP,04,15:30:00
C01374,METRO,RATP,04,16:00:00
C01374,METRO,RATP,04,16:30:00
C01374,METRO,RATP,04,17:00:00
C01374,METRO,RATP,04,17:30:00
C01374,METRO,RATP,04,18:00:00
C01374,METRO,RATP,04,18:30:00
C01374,METRO,RATP,04,19:00:00
C01374,METRO,RATP,04,19:30:00
C01374,METRO,RATP,04,20:00:00
C01374,METRO,RATP,04,20:30:00
C01374,METRO,RATP,04,21:00:00
C01374,METRO,RATP,04,21:30:00
C01374,METRO,RATP,04,22:00:00
C01374,METRO,RATP,04,22:30:00
C01374,METRO,RATP,04,23:00:00
C01374,METRO,RATP,04,23:30:00
C01374,METRO,RATP,04,00:00:00
C01374,METRO,RATP,04,00:30:00
C01374,METRO,RATP,04,01:00:00
C01374,METRO,RATP,04,06:00:00
C01374,METRO,RATP,04,06:30:00
C01374,METRO,RATP,04,01:30:00
C01374,METRO,RATP,04,02:00:00
C01374,METRO,RATP,04,02:30:00
C01374,METRO,RATP,04,03:00:00
C01374,METRO,RATP,04,03:30:00
C01374,METRO,RATP,04,04:00:00
C01374,METRO,RATP,04,04:30:00
C01374,METRO,RATP,04,05:00:00
C01374,METRO,RATP,04,05:30:00
C01374,METRO,RATP,04,23:59:00
C01387,METRO,RATP,07bis,07:00:00
C01387,METRO,RATP,07bis,07:30:00
C01387,METRO,RATP,07bis,08:00:00
C01387,METRO,RATP,07bis,08:30:00
C01387,METRO,RATP,07bis,09:00:00
C01387,METRO,RATP,07bis,09:30:00
C01387,METRO,RATP,07bis,10:00:00
C01387,METRO,RATP,07bis,10:30:00
C01387,METRO,RATP,07bis,11:00:00
C01387,METRO,RATP,07bis,11:30:00
C01387,METRO,RATP,07bis,12:00:00
C01387,METRO,RATP,07bis,12:30:00
C01387,METRO,RATP,07bis,13:00:00
C01387,METRO,RATP,07bis,13:30:00
C01387,METRO,RATP,07bis,14:00:00
C01387,METRO,RATP,07bis,14:30:00
C01387,METRO,RATP,07bis,15:00:00
C01387,METRO,RATP,07bis,15:30:00
C01387,METRO,RATP,07bis,16:00:00
C01387,METRO,RATP,07bis,16:30:00
C01387,METRO,RATP,07bis,17:00:00
C01387,METRO,RATP,07bis,17:30:00
C01387,METRO,RATP,07bis,18:00:00
C01387,METRO,RATP,07bis,18:30:00
C01387,METRO,RATP,07bis,19:00:00
C01387,METRO,RATP,07bis,19:30:00
C01387,METRO,RATP,07bis,20:00:00
C01387,METRO,RATP,07bis,20:30:00
C01387,METRO,RATP,07bis,21:00:00
C01387,METRO,RATP,07bis,21:30:00
C01387,METRO,RATP,07bis,22:00:00
C01387,METRO,RATP,07bis,22:30:00
C01387,METRO,RATP,07bis,23:00:00
C01387,METRO,RATP,07bis,23:30:00
C01387,METRO,RATP,07bis,00:00:00
C01387,METRO,RATP,07bis,00:30:00
C01387,METRO,RATP,07bis,01:00:00
C01387,METRO,RATP,07bis,06:00:00
C01387,METRO,RATP,07bis,06:30:00
C01387,METRO,RATP,07bis,01:30:00
C01387,METRO,RATP,07bis,02:00:00
C01387,METRO,RATP,07bis,02:30:00
C01387,METRO,RATP,07bis,03:00:00
C01387,METRO,RATP,07bis,03:30:00
C01387,METRO,RATP,07bis,04:00:00
C01387,METRO,RATP,07bis,04:30:00
C01387,METRO,RATP,07bis,05:00:00
C01387,METRO,RATP,07bis,05:30:00
C01387,METRO,RATP,07bis,23:59:00
C01381,METRO,RATP,11,07:00:00
C01381,METRO,RATP,11,07:30:00
C01381,METRO,RATP,11,08:00:00
C01381,METRO,RATP,11,08:30:00
C01381,METRO,RATP,11,09:00:00
C01381,METRO,RATP,11,09:30:00
C01381,METRO,RATP,11,10:00:00
C01381,METRO,RATP,11,10:30:00
C01381,METRO,RATP,11,11:00:00
C01381,METRO,RATP,11,11:30:00
C01381,METRO,RATP,11,12:00:00
C01381,METRO,RATP,11,12:30:00
C01381,METRO,RATP,11,13:00:00
C01381,METRO,RATP,11,13:30:00
C01381,METRO,RATP,11,14:00:00
C01381,METRO,RATP,11,14:30:00
C01381,METRO,RATP,11,15:00:00
C01381,METRO,RATP,11,15:30:00
C01381,METRO,RATP,11,16:00:00
C01381,METRO,RATP,11,16:30:00
C01381,METRO,RATP,11,17:00:00
C01381,METRO,RATP,11,17:30:00
C01381,METRO,RATP,11,18:00:00
C01381,METRO,RATP,11,18:30:00
C01381,METRO,RATP,11,19:00:00
C01381,METRO,RATP,11,19:30:00
C01381,METRO,RATP,11,20:00:00
C01381,METRO,RATP,11,20:30:00
C01381,METRO,RATP,11,21:00:00
C01381,METRO,RATP,11,21:30:00
C01381,METRO,RATP,11,22:00:00
C01381,METRO,RATP,11,22:30:00
C01381,METRO,RATP,11,23:00:00
C01381,METRO,RATP,11,23:30:00
C01381,METRO,RATP,11,00:00:00
C01381,METRO,RATP,11,00:30:00
C01381,METRO,RATP,11,01:00:00
C01381,METRO,RATP,11,06:00:00
C01381,METRO,RATP,11,06:30:00
C01381,METRO,RATP,11,01:30:00
C01381,METRO,RATP,11,02:00:00
C01381,METRO,RATP,11,02:30:00
C01381,METRO,RATP,11,03:00:00
C01381,METRO,RATP,11,03:30:00
C01381,METRO,RATP,11,04:00:00
C01381,METRO,RATP,11,04:30:00
C01381,METRO,RATP,11,05:00:00
C01381,METRO,RATP,11,05:30:00
C01381,METRO,RATP,11,23:59:00
C01741,TRAIN,SNCF,U,07:00:00
C01741,TRAIN,SNCF,U,07:30:00
C01741,TRAIN,SNCF,U,08:00:00
C01741,TRAIN,SNCF,U,08:30:00
C01741,TRAIN,SNCF,U,09:00:00
C01741,TRAIN,SNCF,U,09:30:00
C01741,TRAIN,SNCF,U,10:00:00
C01741,TRAIN,SNCF,U,10:30:00
C01741,TRAIN,SNCF,U,11:00:00
C01741,TRAIN,SNCF,U,11:30:00
C01741,TRAIN,SNCF,U,12:00:00
C01741,TRAIN,SNCF,U,12:30:00
C01741,TRAIN,SNCF,U,13:00:00
C01741,TRAIN,SNCF,U,13:30:00
C01741,TRAIN,SNCF,U,14:00:00
C01741,TRAIN,SNCF,U,14:30:00
C01741,TRAIN,SNCF,U,15:00:00
C01741,TRAIN,SNCF,U,15:30:00
C01741,TRAIN,SNCF,U,16:00:00
C01741,TRAIN,SNCF,U,16:30:00
C01741,TRAIN,SNCF,U,17:00:00
C01741,TRAIN,SNCF,U,17:30:00
C01741,TRAIN,SNCF,U,18:00:00
C01741,TRAIN,SNCF,U,18:30:00
C01741,TRAIN,SNCF,U,19:00:00
C01741,TRAIN,SNCF,U,19:30:00
C01741,TRAIN,SNCF,U,20:00:00
C01741,TRAIN,SNCF,U,20:30:00
C01741,TRAIN,SNCF,U,21:00:00
C01741,TRAIN,SNCF,U,21:30:00
C01741,TRAIN,SNCF,U,22:00:00
C01741,TRAIN,SNCF,U,22:30:00
C01741,TRAIN,SNCF,U,23:00:00
C01741,TRAIN,SNCF,U,23:30:00
C01741,TRAIN,SNCF,U,00:00:00
C01741,TRAIN,SNCF,U,00:30:00
C01741,TRAIN,SNCF,U,01:00:00
C01741,TRAIN,SNCF,U,06:00:00
C01741,TRAIN,SNCF,U,06:30:00
C01741,TRAIN,SNCF,U,01:30:00
C01741,TRAIN,SNCF,U,02:00:00
C01741,TRAIN,SNCF,U,02:30:00
C01741,TRAIN,SNCF,U,03:00:00
C01741,TRAIN,SNCF,U,03:30:00
C01741,TRAIN,SNCF,U,04:00:00
C01741,TRAIN,SNCF,U,04:30:00
C01741,TRAIN,SNCF,U,05:00:00
C01741,TRAIN,SNCF,U,05:30:00
C01741,TRAIN,SNCF,U,23:59:00
C01372,METRO,RATP,02,07:00:00
C01372,METRO,RATP,02,07:30:00
C01372,METRO,RATP,02,08:00:00
C01372,METRO,RATP,02,08:30:00
C01372,METRO,RATP,02,09:00:00
C01372,METRO,RATP,02,09:30:00
C01372,METRO,RATP,02,10:00:00
C01372,METRO,RATP,02,10:30:00
C01372,METRO,RATP,02,11:00:00
C01372,METRO,RATP,02,11:30:00
C01372,METRO,RATP,02,12:00:00
C01372,METRO,RATP,02,12:30:00
C01372,METRO,RATP,02,13:00:00
C01372,METRO,RATP,02,13:30:00
C01372,METRO,RATP,02,14:00:00
C01372,METRO,RATP,02,14:30:00
C01372,METRO,RATP,02,15:00:00
C01372,METRO,RATP,02,15:30:00
C01372,METRO,RATP,02,16:00:00
C01372,METRO,RATP,02,16:30:00
C01372,METRO,RATP,02,17:00:00
C01372,METRO,RATP,02,17:30:00
C01372,METRO,RATP,02,18:00:00
C01372,METRO,RATP,02,18:30:00
C01372,METRO,RATP,02,19:00:00
C01372,METRO,RATP,02,19:30:00
C01372,METRO,RATP,02,20:00:00
C01372,METRO,RATP,02,20:30:00
C01372,METRO,RATP,02,21:00:00
C01372,METRO,RATP,02,21:30:00
C01372,METRO,RATP,02,22:00:00
C01372,METRO,RATP,02,22:30:00
C01372,METRO,RATP,02,23:00:00
C01372,METRO,RATP,02,23:30:00
C01372,METRO,RATP,02,00:00:00
C01372,METRO,RATP,02,00:30:00
C01372,METRO,RATP,02,01:00:00
C01372,METRO,RATP,02,06:00:00
C01372,METRO,RATP,02,06:30:00
C01372,METRO,RATP,02,01:30:00
C01372,METRO,RATP,02,02:00:00
C01372,METRO,RATP,02,02:30:00
C01372,METRO,RATP,02,03:00:00
C01372,METRO,RATP,02,03:30:00
C01372,METRO,RATP,02,04:00:00
C01372,METRO,RATP,02,04:30:00
C01372,METRO,RATP,02,05:00:00
C01372,METRO,RATP,02,05:30:00
C01372,METRO,RATP,02,23:59:00
C01795,TRAMWAY,RATP,T8,07:00:00
C01795,TRAMWAY,RATP,T8,07:30:00
C01795,TRAMWAY,RATP,T8,08:00:00
C01795,TRAMWAY,RATP,T8,08:30:00
C01795,TRAMWAY,RATP,T8,09:00:00
C01795,TRAMWAY,RATP,T8,09:30:00
C01795,TRAMWAY,RATP,T8,10:00:00
C01795,TRAMWAY,RATP,T8,10:30:00
C01795,TRAMWAY,RATP,T8,11:00:00
C01795,TRAMWAY,RATP,T8,11:30:00
C01795,TRAMWAY,RATP,T8,12:00:00
C01795,TRAMWAY,RATP,T8,12:30:00
C01795,TRAMWAY,RATP,T8,13:00:00
C01795,TRAMWAY,RATP,T8,13:30:00
C01795,TRAMWAY,RATP,T8,14:00:00
C01795,TRAMWAY,RATP,T8,14:30:00
C01795,TRAMWAY,RATP,T8,15:00:00
C01795,TRAMWAY,RATP,T8,15:30:00
C01795,TRAMWAY,RATP,T8,16:00:00
C01795,TRAMWAY,RATP,T8,16:30:00
C01795,TRAMWAY,RATP,T8,17:00:00
C01795,TRAMWAY,RATP,T8,17:30:00
C01795,TRAMWAY,RATP,T8,18:00:00
C01795,TRAMWAY,RATP,T8,18:30:00
C01795,TRAMWAY,RATP,T8,19:00:00
C01795,TRAMWAY,RATP,T8,19:30:00
C01795,TRAMWAY,RATP,T8,20:00:00
C01795,TRAMWAY,RATP,T8,20:30:00
C01795,TRAMWAY,RATP,T8,21:00:00
C01795,TRAMWAY,RATP,T8,21:30:00
C01795,TRAMWAY,RATP,T8,22:00:00
C01795,TRAMWAY,RATP,T8,22:30:00
C01795,TRAMWAY,RATP,T8,23:00:00
C01795,TRAMWAY,RATP,T8,23:30:00
C01795,TRAMWAY,RATP,T8,00:00:00
C01795,TRAMWAY,RATP,T8,00:30:00
C01795,TRAMWAY,RATP,T8,01:00:00
C01795,TRAMWAY,RATP,T8,06:00:00
C01795,TRAMWAY,RATP,T8,06:30:00
C01795,TRAMWAY,RATP,T8,01:30:00
C01795,TRAMWAY,RATP,T8,02:00:00
C01795,TRAMWAY,RATP,T8,02:30:00
C01795,TRAMWAY,RATP,T8,03:00:00
C01795,TRAMWAY,RATP,T8,03:30:00
C01795,TRAMWAY,RATP,T8,04:00:00
C01795,TRAMWAY,RATP,T8,04:30:00
C01795,TRAMWAY,RATP,T8,05:00:00
C01795,TRAMWAY,RATP,T8,05:30:00
C01795,TRAMWAY,RATP,T8,23:59:00
C01794,TRAMWAY,RATP,T6,07:00:00
C01794,TRAMWAY,RATP,T6,07:30:00
C01794,TRAMWAY,RATP,T6,08:00:00
C01794,TRAMWAY,RATP,T6,08:30:00
C01794,TRAMWAY,RATP,T6,09:00:00
C01794,TRAMWAY,RATP,T6,09:30:00
C01794,TRAMWAY,RATP,T6,10:00:00
C01794,TRAMWAY,RATP,T6,10:30:00
C01794,TRAMWAY,RATP,T6,11:00:00
C01794,TRAMWAY,RATP,T6,11:30:00
C01794,TRAMWAY,RATP,T6,12:00:00
C01794,TRAMWAY,RATP,T6,12:30:00
C01794,TRAMWAY,RATP,T6,13:00:00
C01794,TRAMWAY,RATP,T6,13:30:00
C01794,TRAMWAY,RATP,T6,14:00:00
C01794,TRAMWAY,RATP,T6,14:30:00
C01794,TRAMWAY,RATP,T6,15:00:00
C01794,TRAMWAY,RATP,T6,15:30:00
C01794,TRAMWAY,RATP,T6,16:00:00
C01794,TRAMWAY,RATP,T6,16:30:00
C01794,TRAMWAY,RATP,T6,17:00:00
C01794,TRAMWAY,RATP,T6,17:30:00
C01794,TRAMWAY,RATP,T6,18:00:00
C01794,TRAMWAY,RATP,T6,18:30:00
C01794,TRAMWAY,RATP,T6,19:00:00
C01794,TRAMWAY,RATP,T6,19:30:00
C01794,TRAMWAY,RATP,T6,20:00:00
C01794,TRAMWAY,RATP,T6,20:30:00
C01794,TRAMWAY,RATP,T6,21:00:00
C01794,TRAMWAY,RATP,T6,21:30:00
C01794,TRAMWAY,RATP,T6,22:00:00
C01794,TRAMWAY,RATP,T6,22:30:00
C01794,TRAMWAY,RATP,T6,23:00:00
C01794,TRAMWAY,RATP,T6,23:30:00
C01794,TRAMWAY,RATP,T6,00:00:00
C01794,TRAMWAY,RATP,T6,00:30:00
C01794,TRAMWAY,RATP,T6,01:00:00
C01794,TRAMWAY,RATP,T6,06:00:00
C01794,TRAMWAY,RATP,T6,06:30:00
C01794,TRAMWAY,RATP,T6,01:30:00
C01794,TRAMWAY,RATP,T6,02:00:00
C01794,TRAMWAY,RATP,T6,02:30:00
C01794,TRAMWAY,RATP,T6,03:00:00
C01794,TRAMWAY,RATP,T6,03:30:00
C01794,TRAMWAY,RATP,T6,04:00:00
C01794,TRAMWAY,RATP,T6,04:30:00
C01794,TRAMWAY,RATP,T6,05:00:00
C01794,TRAMWAY,RATP,T6,05:30:00
C01794,TRAMWAY,RATP,T6,23:59:00
C01391,TRAMWAY,RATP,T3,07:00:00
C01391,TRAMWAY,RATP,T3,07:30:00
C01391,TRAMWAY,RATP,T3,08:00:00
C01391,TRAMWAY,RATP,T3,08:30:00
C01391,TRAMWAY,RATP,T3,09:00:00
C01391,TRAMWAY,RATP,T3,09:30:00
C01391,TRAMWAY,RATP,T3,10:00:00
C01391,TRAMWAY,RATP,T3,10:30:00
C01391,TRAMWAY,RATP,T3,11:00:00
C01391,TRAMWAY,RATP,T3,11:30:00
C01391,TRAMWAY,RATP,T3,12:00:00
C01391,TRAMWAY,RATP,T3,12:30:00
C01391,TRAMWAY,RATP,T3,13:00:00
C01391,TRAMWAY,RATP,T3,13:30:00
C01391,TRAMWAY,RATP,T3,14:00:00
C01391,TRAMWAY,RATP,T3,14:30:00
C01391,TRAMWAY,RATP,T3,15:00:00
C01391,TRAMWAY,RATP,T3,15:30:00
C01391,TRAMWAY,RATP,T3,16:00:00
C01391,TRAMWAY,RATP,T3,16:30:00
C01391,TRAMWAY,RATP,T3,17:00:00
C01391,TRAMWAY,RATP,T3,17:30:00
C01391,TRAMWAY,RATP,T3,18:00:00
C01391,TRAMWAY,RATP,T3,18:30:00
C01391,TRAMWAY,RATP,T3,19:00:00
C01391,TRAMWAY,RATP,T3,19:30:00
C01391,TRAMWAY,RATP,T3,20:00:00
C01391,TRAMWAY,RATP,T3,20:30:00
C01391,TRAMWAY,RATP,T3,21:00:00
C01391,TRAMWAY,RATP,T3,21:30:00
C01391,TRAMWAY,RATP,T3,22:00:00
C01391,TRAMWAY,RATP,T3,22:30:00
C01391,TRAMWAY,RATP,T3,23:00:00
C01391,TRAMWAY,RATP,T3,23:30:00
C01391,TRAMWAY,RATP,T3,00:00:00
C01391,TRAMWAY,RATP,T3,00:30:00
C01391,TRAMWAY,RATP,T3,01:00:00
C01391,TRAMWAY,RATP,T3,06:00:00
C01391,TRAMWAY,RATP,T3,06:30:00
C01391,TRAMWAY,RATP,T3,01:30:00
C01391,TRAMWAY,RATP,T3,02:00:00
C01391,TRAMWAY,RATP,T3,02:30:00
C01391,TRAMWAY,RATP,T3,03:00:00
C01391,TRAMWAY,RATP,T3,03:30:00
C01391,TRAMWAY,RATP,T3,04:00:00
C01391,TRAMWAY,RATP,T3,04:30:00
C01391,TRAMWAY,RATP,T3,05:00:00
C01391,TRAMWAY,RATP,T3,05:30:00
C01391,TRAMWAY,RATP,T3,23:59:00
C01679,TRAMWAY,RATP,T3bis,07:00:00
C01679,TRAMWAY,RATP,T3bis,07:30:00
C01679,TRAMWAY,RATP,T3bis,08:00:00
C01679,TRAMWAY,RATP,T3bis,08:30:00
C01679,TRAMWAY,RATP,T3bis,09:00:00
C01679,TRAMWAY,RATP,T3bis,09:30:00
C01679,TRAMWAY,RATP,T3bis,10:00:00
C01679,TRAMWAY,RATP,T3bis,10:30:00
C01679,TRAMWAY,RATP,T3bis,11:00:00
C01679,TRAMWAY,RATP,T3bis,11:30:00
C01679,TRAMWAY,RATP,T3bis,12:00:00
C01679,TRAMWAY,RATP,T3bis,12:30:00
C01679,TRAMWAY,RATP,T3bis,13:00:00
C01679,TRAMWAY,RATP,T3bis,13:30:00
C01679,TRAMWAY,RATP,T3bis,14:00:00
C01679,TRAMWAY,RATP,T3bis,14:30:00
C01679,TRAMWAY,RATP,T3bis,15:00:00
C01679,TRAMWAY,RATP,T3bis,15:30:00
C01679,TRAMWAY,RATP,T3bis,16:00:00
C01679,TRAMWAY,RATP,T3bis,16:30:00
C01679,TRAMWAY,RATP,T3bis,17:00:00
C01679,TRAMWAY,RATP,T3bis,17:30:00
C01679,TRAMWAY,RATP,T3bis,18:00:00
C01679,TRAMWAY,RATP,T3bis,18:30:00
C01679,TRAMWAY,RATP,T3bis,19:00:00
C01679,TRAMWAY,RATP,T3bis,19:30:00
C01679,TRAMWAY,RATP,T3bis,20:00:00
C01679,TRAMWAY,RATP,T3bis,20:30:00
C01679,TRAMWAY,RATP,T3bis,21:00:00
C01679,TRAMWAY,RATP,T3bis,21:30:00
C01679,TRAMWAY,RATP,T3bis,22:00:00
C01679,TRAMWAY,RATP,T3bis,22:30:00
C01679,TRAMWAY,RATP,T3bis,23:00:00
C01679,TRAMWAY,RATP,T3bis,23:30:00
C01679,TRAMWAY,RATP,T3bis,00:00:00
C01679,TRAMWAY,RATP,T3bis,00:30:00
C01679,TRAMWAY,RATP,T3bis,01:00:00
C01679,TRAMWAY,RATP,T3bis,06:00:00
C01679,TRAMWAY,RATP,T3bis,06:30:00
C01679,TRAMWAY,RATP,T3bis,01:30:00
C01679,TRAMWAY,RATP,T3bis,02:00:00
C01679,TRAMWAY,RATP,T3bis,02:30:00
C01679,TRAMWAY,RATP,T3bis,03:00:00
C01679,TRAMWAY,RATP,T3bis,03:30:00
C01679,TRAMWAY,RATP,T3bis,04:00:00
C01679,TRAMWAY,RATP,T3bis,04:30:00
C01679,TRAMWAY,RATP,T3bis,05:00:00
C01679,TRAMWAY,RATP,T3bis,05:30:00
C01679,TRAMWAY,RATP,T3bis,23:59:00
C01684,TRAMWAY,RATP,T5,07:00:00
C01684,TRAMWAY,RATP,T5,07:30:00
C01684,TRAMWAY,RATP,T5,08:00:00
C01684,TRAMWAY,RATP,T5,08:30:00
C01684,TRAMWAY,RATP,T5,09:00:00
C01684,TRAMWAY,RATP,T5,09:30:00
C01684,TRAMWAY,RATP,T5,10:00:00
C01684,TRAMWAY,RATP,T5,10:30:00
C01684,TRAMWAY,RATP,T5,11:00:00
C01684,TRAMWAY,RATP,T5,11:30:00
C01684,TRAMWAY,RATP,T5,12:00:00
C01684,TRAMWAY,RATP,T5,12:30:00
C01684,TRAMWAY,RATP,T5,13:00:00
C01684,TRAMWAY,RATP,T5,13:30:00
C01684,TRAMWAY,RATP,T5,14:00:00
C01684,TRAMWAY,RATP,T5,14:30:00
C01684,TRAMWAY,RATP,T5,15:00:00
C01684,TRAMWAY,RATP,T5,15:30:00
C01684,TRAMWAY,RATP,T5,16:00:00
C01684,TRAMWAY,RATP,T5,16:30:00
C01684,TRAMWAY,RATP,T5,17:00:00
C01684,TRAMWAY,RATP,T5,17:30:00
C01684,TRAMWAY,RATP,T5,18:00:00
C01684,TRAMWAY,RATP,T5,18:30:00
C01684,TRAMWAY,RATP,T5,19:00:00
C01684,TRAMWAY,RATP,T5,19:30:00
C01684,TRAMWAY,RATP,T5,20:00:00
C01684,TRAMWAY,RATP,T5,20:30:00
C01684,TRAMWAY,RATP,T5,21:00:00
C01684,TRAMWAY,RATP,T5,21:30:00
C01684,TRAMWAY,RATP,T5,22:00:00
C01684,TRAMWAY,RATP,T5,22:30:00
C01684,TRAMWAY,RATP,T5,23:00:00
C01684,TRAMWAY,RATP,T5,23:30:00
C01684,TRAMWAY,RATP,T5,00:00:00
C01684,TRAMWAY,RATP,T5,00:30:00
C01684,TRAMWAY,RATP,T5,01:00:00
C01684,TRAMWAY,RATP,T5,06:00:00
C01684,TRAMWAY,RATP,T5,06:30:00
C01684,TRAMWAY,RATP,T5,01:30:00
C01684,TRAMWAY,RATP,T5,02:00:00
C01684,TRAMWAY,RATP,T5,02:30:00
C01684,TRAMWAY,RATP,T5,03:00:00
C01684,TRAMWAY,RATP,T5,03:30:00
C01684,TRAMWAY,RATP,T5,04:00:00
C01684,TRAMWAY,RATP,T5,04:30:00
C01684,TRAMWAY,RATP,T5,05:00:00
C01684,TRAMWAY,RATP,T5,05:30:00
C01684,TRAMWAY,RATP,T5,23:59:00
C01774,TRAMWAY,RATP,T7,07:00:00
C01774,TRAMWAY,RATP,T7,07:30:00
C01774,TRAMWAY,RATP,T7,08:00:00
C01774,TRAMWAY,RATP,T7,08:30:00
C01774,TRAMWAY,RATP,T7,09:00:00
C01774,TRAMWAY,RATP,T7,09:30:00
C01774,TRAMWAY,RATP,T7,10:00:00
C01774,TRAMWAY,RATP,T7,10:30:00
C01774,TRAMWAY,RATP,T7,11:00:00
C01774,TRAMWAY,RATP,T7,11:30:00
C01774,TRAMWAY,RATP,T7,12:00:00
C01774,TRAMWAY,RATP,T7,12:30:00
C01774,TRAMWAY,RATP,T7,13:00:00
C01774,TRAMWAY,RATP,T7,13:30:00
C01774,TRAMWAY,RATP,T7,14:00:00
C01774,TRAMWAY,RATP,T7,14:30:00
C01774,TRAMWAY,RATP,T7,15:00:00
C01774,TRAMWAY,RATP,T7,15:30:00
C01774,TRAMWAY,RATP,T7,16:00:00
C01774,TRAMWAY,RATP,T7,16:30:00
C01774,TRAMWAY,RATP,T7,17:00:00
C01774,TRAMWAY,RATP,T7,17:30:00
C01774,TRAMWAY,RATP,T7,18:00:00
C01774,TRAMWAY,RATP,T7,18:30:00
C01774,TRAMWAY,RATP,T7,19:00:00
C01774,TRAMWAY,RATP,T7,19:30:00
C01774,TRAMWAY,RATP,T7,20:00:00
C01774,TRAMWAY,RATP,T7,20:30:00
C01774,TRAMWAY,RATP,T7,21:00:00
C01774,TRAMWAY,RATP,T7,21:30:00
C01774,TRAMWAY,RATP,T7,22:00:00
C01774,TRAMWAY,RATP,T7,22:30:00
C01774,TRAMWAY,RATP,T7,23:00:00
C01774,TRAMWAY,RATP,T7,23:30:00
C01774,TRAMWAY,RATP,T7,00:00:00
C01774,TRAMWAY,RATP,T7,00:30:00
C01774,TRAMWAY,RATP,T7,01:00:00
C01774,TRAMWAY,RATP,T7,06:00:00
C01774,TRAMWAY,RATP,T7,06:30:00
C01774,TRAMWAY,RATP,T7,01:30:00
C01774,TRAMWAY,RATP,T7,02:00:00
C01774,TRAMWAY,RATP,T7,02:30:00
C01774,TRAMWAY,RATP,T7,03:00:00
C01774,TRAMWAY,RATP,T7,03:30:00
C01774,TRAMWAY,RATP,T7,04:00:00
C01774,TRAMWAY,RATP,T7,04:30:00
C01774,TRAMWAY,RATP,T7,05:00:00
C01774,TRAMWAY,RATP,T7,05:30:00
C01774,TRAMWAY,RATP,T7,23:59:00
C01728,TER,SNCF,D,07:00:00
C01728,TER,SNCF,D,07:30:00
C01728,TER,SNCF,D,08:00:00
C01728,TER,SNCF,D,08:30:00
C01728,TER,SNCF,D,09:00:00
C01728,TER,SNCF,D,09:30:00
C01728,TER,SNCF,D,10:00:00
C01728,TER,SNCF,D,10:30:00
C01728,TER,SNCF,D,11:00:00
C01728,TER,SNCF,D,11:30:00
C01728,TER,SNCF,D,12:00:00
C01728,TER,SNCF,D,12:30:00
C01728,TER,SNCF,D,13:00:00
C01728,TER,SNCF,D,13:30:00
C01728,TER,SNCF,D,14:00:00
C01728,TER,SNCF,D,14:30:00
C01728,TER,SNCF,D,15:00:00
C01728,TER,SNCF,D,15:30:00
C01728,TER,SNCF,D,16:00:00
C01728,TER,SNCF,D,16:30:00
C01728,TER,SNCF,D,17:00:00
C01728,TER,SNCF,D,17:30:00
C01728,TER,SNCF,D,18:00:00
C01728,TER,SNCF,D,18:30:00
C01728,TER,SNCF,D,19:00:00
C01728,TER,SNCF,D,19:30:00
C01728,TER,SNCF,D,20:00:00
C01728,TER,SNCF,D,20:30:00
C01728,TER,SNCF,D,21:00:00
C01728,TER,SNCF,D,21:30:00
C01728,TER,SNCF,D,22:00:00
C01728,TER,SNCF,D,22:30:00
C01728,TER,SNCF,D,23:00:00
C01728,TER,SNCF,D,23:30:00
C01728,TER,SNCF,D,00:00:00
C01728,TER,SNCF,D,00:30:00
C01728,TER,SNCF,D,01:00:00
C01728,TER,SNCF,D,06:00:00
C01728,TER,SNCF,D,06:30:00
C01728,TER,SNCF,D,01:30:00
C01728,TER,SNCF,D,02:00:00
C01728,TER,SNCF,D,02:30:00
C01728,TER,SNCF,D,03:00:00
C01728,TER,SNCF,D,03:30:00
C01728,TER,SNCF,D,04:00:00
C01728,TER,SNCF,D,04:30:00
C01728,TER,SNCF,D,05:00:00
C01728,TER,SNCF,D,05:30:00
C01728,TER,SNCF,D,23:59:00
C01738,TRAIN,SNCF,K,07:00:00
C01738,TRAIN,SNCF,K,07:30:00
C01738,TRAIN,SNCF,K,08:00:00
C01738,TRAIN,SNCF,K,08:30:00
C01738,TRAIN,SNCF,K,09:00:00
C01738,TRAIN,SNCF,K,09:30:00
C01738,TRAIN,SNCF,K,10:00:00
C01738,TRAIN,SNCF,K,10:30:00
C01738,TRAIN,SNCF,K,11:00:00
C01738,TRAIN,SNCF,K,11:30:00
C01738,TRAIN,SNCF,K,12:00:00
C01738,TRAIN,SNCF,K,12:30:00
C01738,TRAIN,SNCF,K,13:00:00
C01738,TRAIN,SNCF,K,13:30:00
C01738,TRAIN,SNCF,K,14:00:00
C01738,TRAIN,SNCF,K,14:30:00
C01738,TRAIN,SNCF,K,15:00:00
C01738,TRAIN,SNCF,K,15:30:00
C01738,TRAIN,SNCF,K,16:00:00
C01738,TRAIN,SNCF,K,16:30:00
C01738,TRAIN,SNCF,K,17:00:00
C01738,TRAIN,SNCF,K,17:30:00
C01738,TRAIN,SNCF,K,18:00:00
C01738,TRAIN,SNCF,K,18:30:00
C01738,TRAIN,SNCF,K,19:00:00
C01738,TRAIN,SNCF,K,19:30:00
C01738,TRAIN,SNCF,K,20:00:00
C01738,TRAIN,SNCF,K,20:30:00
C01738,TRAIN,SNCF,K,21:00:00
C01738,TRAIN,SNCF,K,21:30:00
C01738,TRAIN,SNCF,K,22:00:00
C01738,TRAIN,SNCF,K,22:30:00
C01738,TRAIN,SNCF,K,23:00:00
C01738,TRAIN,SNCF,K,23:30:00
C01738,TRAIN,SNCF,K,00:00:00
C01738,TRAIN,SNCF,K,00:30:00
C01738,TRAIN,SNCF,K,01:00:00
C01738,TRAIN,SNCF,K,06:00:00
C01738,TRAIN,SNCF,K,06:30:00
C01738,TRAIN,SNCF,K,01:30:00
C01738,TRAIN,SNCF,K,02:00:00
C01738,TRAIN,SNCF,K,02:30:00
C01738,TRAIN,SNCF,K,03:00:00
C01738,TRAIN,SNCF,K,03:30:00
C01738,TRAIN,SNCF,K,04:00:00
C01738,TRAIN,SNCF,K,04:30:00
C01738,TRAIN,SNCF,K,05:00:00
C01738,TRAIN,SNCF,K,05:30:00
C01738,TRAIN,SNCF,K,23:59:00
C0173,TRAIN,SNCF,J,07:00:00
C0173,TRAIN,SNCF,J,07:30:00
C0173,TRAIN,SNCF,J,08:00:00
C0173,TRAIN,SNCF,J,08:30:00
C0173,TRAIN,SNCF,J,09:00:00
C0173,TRAIN,SNCF,J,09:30:00
C0173,TRAIN,SNCF,J,10:00:00
C0173,TRAIN,SNCF,J,10:30:00
C0173,TRAIN,SNCF,J,11:00:00
C0173,TRAIN,SNCF,J,11:30:00
C0173,TRAIN,SNCF,J,12:00:00
C0173,TRAIN,SNCF,J,12:30:00
C0173,TRAIN,SNCF,J,13:00:00
C0173,TRAIN,SNCF,J,13:30:00
C0173,TRAIN,SNCF,J,14:00:00
C0173,TRAIN,SNCF,J,14:30:00
C0173,TRAIN,SNCF,J,15:00:00
C0173,TRAIN,SNCF,J,15:30:00
C0173,TRAIN,SNCF,J,16:00:00
C0173,TRAIN,SNCF,J,16:30:00
C0173,TRAIN,SNCF,J,17:00:00
C0173,TRAIN,SNCF,J,17:30:00
C0173,TRAIN,SNCF,J,18:00:00
C0173,TRAIN,SNCF,J,18:30:00
C0173,TRAIN,SNCF,J,19:00:00
C0173,TRAIN,SNCF,J,19:30:00
C0173,TRAIN,SNCF,J,20:00:00
C0173,TRAIN,SNCF,J,20:30:00
C0173,TRAIN,SNCF,J,21:00:00
C0173,TRAIN,SNCF,J,21:30:00
C0173,TRAIN,SNCF,J,22:00:00
C0173,TRAIN,SNCF,J,22:30:00
C0173,TRAIN,SNCF,J,23:00:00
C0173,TRAIN,SNCF,J,23:30:00
C0173,TRAIN,SNCF,J,00:00:00
C0173,TRAIN,SNCF,J,00:30:00
C0173,TRAIN,SNCF,J,01:00:00
C0173,TRAIN,SNCF,J,06:00:00
C0173,TRAIN,SNCF,J,06:30:00
C0173,TRAIN,SNCF,J,01:30:00
C0173,TRAIN,SNCF,J,02:00:00
C0173,TRAIN,SNCF,J,02:30:00
C0173,TRAIN,SNCF,J,03:00:00
C0173,TRAIN,SNCF,J,03:30:00
C0173,TRAIN,SNCF,J,04:00:00
C0173,TRAIN,SNCF,J,04:30:00
C0173,TRAIN,SNCF,J,05:00:00
C0173,TRAIN,SNCF,J,05:30:00
C0173,TRAIN,SNCF,J,23:59:00
C01380,METRO,RATP,10,07:00:00
C01380,METRO,RATP,10,07:30:00
C01380,METRO,RATP,10,08:00:00
C01380,METRO,RATP,10,08:30:00
C01380,METRO,RATP,10,09:00:00
C01380,METRO,RATP,10,09:30:00
C01380,METRO,RATP,10,10:00:00
C01380,METRO,RATP,10,10:30:00
C01380,METRO,RATP,10,11:00:00
C01380,METRO,RATP,10,11:30:00
C01380,METRO,RATP,10,12:00:00
C01380,METRO,RATP,10,12:30:00
C01380,METRO,RATP,10,13:00:00
C01380,METRO,RATP,10,13:30:00
C01380,METRO,RATP,10,14:00:00
C01380,METRO,RATP,10,14:30:00
C01380,METRO,RATP,10,15:00:00
C01380,METRO,RATP,10,15:30:00
C01380,METRO,RATP,10,16:00:00
C01380,METRO,RATP,10,16:30:00
C01380,METRO,RATP,10,17:00:00
C01380,METRO,RATP,10,17:30:00
C01380,METRO,RATP,10,18:00:00
C01380,METRO,RATP,10,18:30:00
C01380,METRO,RATP,10,19:00:00
C01380,METRO,RATP,10,19:30:00
C01380,METRO,RATP,10,20:00:00
C01380,METRO,RATP,10,20:30:00
C01380,METRO,RATP,10,21:00:00
C01380,METRO,RATP,10,21:30:00
C01380,METRO,RATP,10,22:00:00
C01380,METRO,RATP,10,22:30:00
C01380,METRO,RATP,10,23:00:00
C01380,METRO,RATP,10,23:30:00
C01380,METRO,RATP,10,00:00:00
C01380,METRO,RATP,10,00:30:00
C01380,METRO,RATP,10,01:00:00
C01380,METRO,RATP,10,06:00:00
C01380,METRO,RATP,10,06:30:00
C01380,METRO,RATP,10,01:30:00
C01380,METRO,RATP,10,02:00:00
C01380,METRO,RATP,10,02:30:00
C01380,METRO,RATP,10,03:00:00
C01380,METRO,RATP,10,03:30:00
C01380,METRO,RATP,10,04:00:00
C01380,METRO,RATP,10,04:30:00
C01380,METRO,RATP,10,05:00:00
C01380,METRO,RATP,10,05:30:00
C01380,METRO,RATP,10,23:59:00
C01386,METRO,RATP,03bis,07:00:00
C01386,METRO,RATP,03bis,07:30:00
C01386,METRO,RATP,03bis,08:00:00
C01386,METRO,RATP,03bis,08:30:00
C01386,METRO,RATP,03bis,09:00:00
C01386,METRO,RATP,03bis,09:30:00
C01386,METRO,RATP,03bis,10:00:00
C01386,METRO,RATP,03bis,10:30:00
C01386,METRO,RATP,03bis,11:00:00
C01386,METRO,RATP,03bis,11:30:00
C01386,METRO,RATP,03bis,12:00:00
C01386,METRO,RATP,03bis,12:30:00
C01386,METRO,RATP,03bis,13:00:00
C01386,METRO,RATP,03bis,13:30:00
C01386,METRO,RATP,03bis,14:00:00
C01386,METRO,RATP,03bis,14:30:00
C01386,METRO,RATP,03bis,15:00:00
C01386,METRO,RATP,03bis,15:30:00
C01386,METRO,RATP,03bis,16:00:00
C01386,METRO,RATP,03bis,16:30:00
C01386,METRO,RATP,03bis,17:00:00
C01386,METRO,RATP,03bis,17:30:00
C01386,METRO,RATP,03bis,18:00:00
C01386,METRO,RATP,03bis,18:30:00
C01386,METRO,RATP,03bis,19:00:00
C01386,METRO,RATP,03bis,19:30:00
C01386,METRO,RATP,03bis,20:00:00
C01386,METRO,RATP,03bis,20:30:00
C01386,METRO,RATP,03bis,21:00:00
C01386,METRO,RATP,03bis,21:30:00
C01386,METRO,RATP,03bis,22:00:00
C01386,METRO,RATP,03bis,22:30:00
C01386,METRO,RATP,03bis,23:00:00
C01386,METRO,RATP,03bis,23:30:00
C01386,METRO,RATP,03bis,00:00:00
C01386,METRO,RATP,03bis,00:30:00
C01386,METRO,RATP,03bis,01:00:00
C01386,METRO,RATP,03bis,06:00:00
C01386,METRO,RATP,03bis,06:30:00
C01386,METRO,RATP,03bis,01:30:00
C01386,METRO,RATP,03bis,02:00:00
C01386,METRO,RATP,03bis,02:30:00
C01386,METRO,RATP,03bis,03:00:00
C01386,METRO,RATP,03bis,03:30:00
C01386,METRO,RATP,03bis,04:00:00
C01386,METRO,RATP,03bis,04:30:00
C01386,METRO,RATP,03bis,05:00:00
C01386,METRO,RATP,03bis,05:30:00
C01386,METRO,RATP,03bis,23:59:00
C01385,NAVETTE,RATP,FUN,07:00:00
C01385,NAVETTE,RATP,FUN,07:30:00
C01385,NAVETTE,RATP,FUN,08:00:00
C01385,NAVETTE,RATP,FUN,08:30:00
C01385,NAVETTE,RATP,FUN,09:00:00
C01385,NAVETTE,RATP,FUN,09:30:00
C01385,NAVETTE,RATP,FUN,10:00:00
C01385,NAVETTE,RATP,FUN,10:30:00
C01385,NAVETTE,RATP,FUN,11:00:00
C01385,NAVETTE,RATP,FUN,11:30:00
C01385,NAVETTE,RATP,FUN,12:00:00
C01385,NAVETTE,RATP,FUN,12:30:00
C01385,NAVETTE,RATP,FUN,13:00:00
C01385,NAVETTE,RATP,FUN,13:30:00
C01385,NAVETTE,RATP,FUN,14:00:00
C01385,NAVETTE,RATP,FUN,14:30:00
C01385,NAVETTE,RATP,FUN,15:00:00
C01385,NAVETTE,RATP,FUN,15:30:00
C01385,NAVETTE,RATP,FUN,16:00:00
C01385,NAVETTE,RATP,FUN,16:30:00
C01385,NAVETTE,RATP,FUN,17:00:00
C01385,NAVETTE,RATP,FUN,17:30:00
C01385,NAVETTE,RATP,FUN,18:00:00
C01385,NAVETTE,RATP,FUN,18:30:00
C01385,NAVETTE,RATP,FUN,19:00:00
C01385,NAVETTE,RATP,FUN,19:30:00
C01385,NAVETTE,RATP,FUN,20:00:00
C01385,NAVETTE,RATP,FUN,20:30:00
C01385,NAVETTE,RATP,FUN,21:00:00
C01385,NAVETTE,RATP,FUN,21:30:00
C01385,NAVETTE,RATP,FUN,22:00:00
C01385,NAVETTE,RATP,FUN,22:30:00
C01385,NAVETTE,RATP,FUN,23:00:00
C01385,NAVETTE,RATP,FUN,23:30:00
C01385,NAVETTE,RATP,FUN,00:00:00
C01385,NAVETTE,RATP,FUN,00:30:00
C01385,NAVETTE,RATP,FUN,01:00:00
C01385,NAVETTE,RATP,FUN,06:00:00
C01385,NAVETTE,RATP,FUN,06:30:00
C01385,NAVETTE,RATP,FUN,01:30:00
C01385,NAVETTE,RATP,FUN,02:00:00
C01385,NAVETTE,RATP,FUN,02:30:00
C01385,NAVETTE,RATP,FUN,03:00:00
C01385,NAVETTE,RATP,FUN,03:30:00
C01385,NAVETTE,RATP,FUN,04:00:00
C01385,NAVETTE,RATP,FUN,04:30:00
C01385,NAVETTE,RATP,FUN,05:00:00
C01385,NAVETTE,RATP,FUN,05:30:00
C01385,NAVETTE,RATP,FUN,23:59:00
C01857,TER,SNCF,C,07:00:00
C01857,TER,SNCF,C,07:30:00
C01857,TER,SNCF,C,08:00:00
C01857,TER,SNCF,C,08:30:00
C01857,TER,SNCF,C,09:00:00
C01857,TER,SNCF,C,09:30:00
C01857,TER,SNCF,C,10:00:00
C01857,TER,SNCF,C,10:30:00
C01857,TER,SNCF,C,11:00:00
C01857,TER,SNCF,C,11:30:00
C01857,TER,SNCF,C,12:00:00
C01857,TER,SNCF,C,12:30:00
C01857,TER,SNCF,C,13:00:00
C01857,TER,SNCF,C,13:30:00
C01857,TER,SNCF,C,14:00:00
C01857,TER,SNCF,C,14:30:00
C01857,TER,SNCF,C,15:00:00
C01857,TER,SNCF,C,15:30:00
C01857,TER,SNCF,C,16:00:00
C01857,TER,SNCF,C,16:30:00
C01857,TER,SNCF,C,17:00:00
C01857,TER,SNCF,C,17:30:00
C01857,TER,SNCF,C,18:00:00
C01857,TER,SNCF,C,18:30:00
C01857,TER,SNCF,C,19:00:00
C01857,TER,SNCF,C,19:30:00
C01857,TER,SNCF,C,20:00:00
C01857,TER,SNCF,C,20:30:00
C01857,TER,SNCF,C,21:00:00
C01857,TER,SNCF,C,21:30:00
C01857,TER,SNCF,C,22:00:00
C01857,TER,SNCF,C,22:30:00
C01857,TER,SNCF,C,23:00:00
C01857,TER,SNCF,C,23:30:00
C01857,TER,SNCF,C,00:00:00
C01857,TER,SNCF,C,00:30:00
C01857,TER,SNCF,C,01:00:00
C01857,TER,SNCF,C,06:00:00
C01857,TER,SNCF,C,06:30:00
C01857,TER,SNCF,C,01:30:00
C01857,TER,SNCF,C,02:00:00
C01857,TER,SNCF,C,02:30:00
C01857,TER,SNCF,C,03:00:00
C01857,TER,SNCF,C,03:30:00
C01857,TER,SNCF,C,04:00:00
C01857,TER,SNCF,C,04:30:00
C01857,TER,SNCF,C,05:00:00
C01857,TER,SNCF,C,05:30:00
C01857,TER,SNCF,C,23:59:00
C01388,NAVETTE,RATP Dev,ORL,07:00:00
C01388,NAVETTE,RATP Dev,ORL,07:30:00
C01388,NAVETTE,RATP Dev,ORL,08:00:00
C01388,NAVETTE,RATP Dev,ORL,08:30:00
C01388,NAVETTE,RATP Dev,ORL,09:00:00
C01388,NAVETTE,RATP Dev,ORL,09:30:00
C01388,NAVETTE,RATP Dev,ORL,10:00:00
C01388,NAVETTE,RATP Dev,ORL,10:30:00
C01388,NAVETTE,RATP Dev,ORL,11:00:00
C01388,NAVETTE,RATP Dev,ORL,11:30:00
C01388,NAVETTE,RATP Dev,ORL,12:00:00
C01388,NAVETTE,RATP Dev,ORL,12:30:00
C01388,NAVETTE,RATP Dev,ORL,13:00:00
C01388,NAVETTE,RATP Dev,ORL,13:30:00
C01388,NAVETTE,RATP Dev,ORL,14:00:00
C01388,NAVETTE,RATP Dev,ORL,14:30:00
C01388,NAVETTE,RATP Dev,ORL,15:00:00
C01388,NAVETTE,RATP Dev,ORL,15:30:00
C01388,NAVETTE,RATP Dev,ORL,16:00:00
C01388,NAVETTE,RATP Dev,ORL,16:30:00
C01388,NAVETTE,RATP Dev,ORL,17:00:00
C01388,NAVETTE,RATP Dev,ORL,17:30:00
C01388,NAVETTE,RATP Dev,ORL,18:00:00
C01388,NAVETTE,RATP Dev,ORL,18:30:00
C01388,NAVETTE,RATP Dev,ORL,19:00:00
C01388,NAVETTE,RATP Dev,ORL,19:30:00
C01388,NAVETTE,RATP Dev,ORL,20:00:00
C01388,NAVETTE,RATP Dev,ORL,20:30:00
C01388,NAVETTE,RATP Dev,ORL,21:00:00
C01388,NAVETTE,RATP Dev,ORL,21:30:00
C01388,NAVETTE,RATP Dev,ORL,22:00:00
C01388,NAVETTE,RATP Dev,ORL,22:30:00
C01388,NAVETTE,RATP Dev,ORL,23:00:00
C01388,NAVETTE,RATP Dev,ORL,23:30:00
C01388,NAVETTE,RATP Dev,ORL,00:00:00
C01388,NAVETTE,RATP Dev,ORL,00:30:00
C01388,NAVETTE,RATP Dev,ORL,01:00:00
C01388,NAVETTE,RATP Dev,ORL,06:00:00
C01388,NAVETTE,RATP Dev,ORL,06:30:00
C01388,NAVETTE,RATP Dev,ORL,01:30:00
C01388,NAVETTE,RATP Dev,ORL,02:00:00
C01388,NAVETTE,RATP Dev,ORL,02:30:00
C01388,NAVETTE,RATP Dev,ORL,03:00:00
C01388,NAVETTE,RATP Dev,ORL,03:30:00
C01388,NAVETTE,RATP Dev,ORL,04:00:00
C01388,NAVETTE,RATP Dev,ORL,04:30:00
C01388,NAVETTE,RATP Dev,ORL,05:00:00
C01388,NAVETTE,RATP Dev,ORL,05:30:00
C01388,NAVETTE,RATP Dev,ORL,23:59:00
Cacher le rseau ferr,Cacher le rseau ferr,Cacher le rseau ferr,999,07:00:00
Cacher le rseau ferr,Cacher le rseau ferr,Cacher le rseau ferr,999,07:30:00
Cacher le rseau ferr,Cacher le rseau ferr,Cacher le rseau ferr,999,08:00:00
Cacher le rseau ferr,Cacher le rseau ferr,Cacher le rseau ferr,999,08:30:00
Cacher le rseau ferr,Cacher le rseau ferr,Cacher le rseau ferr,999,09:00:00
Cacher le rseau ferr,Cacher le rseau ferr,Cacher le rseau ferr,999,09:30:00
Cacher le rseau ferr,Cacher le rseau ferr,Cacher le rseau ferr,999,10:00:00
Cacher le rseau ferr,Cacher le rseau ferr,Cacher le rseau ferr,999,10:30:00
Cacher le rseau ferr,Cacher le rseau ferr,Cacher le rseau ferr,999,11:00:00
Cacher le rseau ferr,Cacher le rseau ferr,Cacher le rseau ferr,999,11:30:00
Cacher le rseau ferr,Cacher le rseau ferr,Cacher le rseau ferr,999,12:00:00
Cacher le rseau ferr,Cacher le rseau ferr,Cacher le rseau ferr,999,12:30:00
Cacher le rseau ferr,Cacher le rseau ferr,Cacher le rseau ferr,999,13:00:00
Cacher le rseau ferr,Cacher le rseau ferr,Cacher le rseau ferr,999,13:30:00
Cacher le rseau ferr,Cacher le rseau ferr,Cacher le rseau ferr,999,14:00:00
Cacher le rseau ferr,Cacher le rseau ferr,Cacher le rseau ferr,999,14:30:00
Cacher le rseau ferr,Cacher le rseau ferr,Cacher le rseau ferr,999,15:00:00
Cacher le rseau ferr,Cacher le rseau ferr,Cacher le rseau ferr,999,15:30:00
Cacher le rseau ferr,Cacher le rseau ferr,Cacher le rseau ferr,999,16:00:00
Cacher le rseau ferr,Cacher le rseau ferr,Cacher le rseau ferr,999,16:30:00
Cacher le rseau ferr,Cacher le rseau ferr,Cacher le rseau ferr,999,17:00:00
Cacher le rseau ferr,Cacher le rseau ferr,Cacher le rseau ferr,999,17:30:00
Cacher le rseau ferr,Cacher le rseau ferr,Cacher le rseau ferr,999,18:00:00
Cacher le rseau ferr,Cacher le rseau ferr,Cacher le rseau ferr,999,18:30:00
Cacher le rseau ferr,Cacher le rseau ferr,Cacher le rseau ferr,999,19:00:00
Cacher le rseau ferr,Cacher le rseau ferr,Cacher le rseau ferr,999,19:30:00
Cacher le rseau ferr,Cacher le rseau ferr,Cacher le rseau ferr,999,20:00:00
Cacher le rseau ferr,Cacher le rseau ferr,Cacher le rseau ferr,999,20:30:00
Cacher le rseau ferr,Cacher le rseau ferr,Cacher le rseau ferr,999,21:00:00
Cacher le rseau ferr,Cacher le rseau ferr,Cacher le rseau ferr,999,21:30:00
Cacher le rseau ferr,Cacher le rseau ferr,Cacher le rseau ferr,999,22:00:00
Cacher le rseau ferr,Cacher le rseau ferr,Cacher le rseau ferr,999,22:30:00
Cacher le rseau ferr,Cacher le rseau ferr,Cacher le rseau ferr,999,23:00:00
Cacher le rseau ferr,Cacher le rseau ferr,Cacher le rseau ferr,999,23:30:00
Cacher le rseau ferr,Cacher le rseau ferr,Cacher le rseau ferr,999,00:00:00
Cacher le rseau ferr,Cacher le rseau ferr,Cacher le rseau ferr,999,00:30:00
Cacher le rseau ferr,Cacher le rseau ferr,Cacher le rseau ferr,999,01:00:00
Cacher le rseau ferr,Cacher le rseau ferr,Cacher le rseau ferr,999,06:00:00
Cacher le rseau ferr,Cacher le rseau ferr,Cacher le rseau ferr,999,06:30:00
Cacher le rseau ferr,Cacher le rseau ferr,Cacher le rseau ferr,999,01:30:00
Cacher le rseau ferr,Cacher le rseau ferr,Cacher le rseau ferr,999,02:00:00
Cacher le rseau ferr,Cacher le rseau ferr,Cacher le rseau ferr,999,02:30:00
Cacher le rseau ferr,Cacher le rseau ferr,Cacher le rseau ferr,999,03:00:00
Cacher le rseau ferr,Cacher le rseau ferr,Cacher le rseau ferr,999,03:30:00
Cacher le rseau ferr,Cacher le rseau ferr,Cacher le rseau ferr,999,04:00:00
Cacher le rseau ferr,Cacher le rseau ferr,Cacher le rseau ferr,999,04:30:00
Cacher le rseau ferr,Cacher le rseau ferr,Cacher le rseau ferr,999,05:00:00
Cacher le rseau ferr,Cacher le rseau ferr,Cacher le rseau ferr,999,05:30:00
Cacher le rseau ferr,Cacher le rseau ferr,Cacher le rseau ferr,999,23:59:00
